contest_name,organizer,deadline,link,source_site
2026년 광주·전남 대학(원)생 상표·디자인 아이디어 경진대회,"지식재산처, 한국발명진흥회, 전남대학교",2026-04-11,https://www.jnuipe.com/lms/sub0501.do?mode=view&boardIdx=NTC000739,위비티
2026 KBI 금융 AI 리터러시 론칭 기념 자격 홍보 콘텐츠 공모전,한국금융연수원,2026-04-13,https://www.kbi.or.kr/platformWeb/Introduction.do?cmd=openPage&pageName=introductionContestInfo,위비티
(4주) 신춘문예 작가님에게 글쓰기를 배워보세요! 참여자 모집 중,작필(作筆),2026-04-23,https://cafe.naver.com/egowriting/12347,위비티
제22회 대한민국청소년박람회 청소년 디지털 콘텐츠 경진대회 참가자 모집,"성평등가족부, 전라남도, 여수 / 한국청소년활동진흥원, 전라남도청소년미래재",2026-04-27,https://www.culture.go.kr/digicon,위비티
2026 제4회 전국 약사&분회 우수 콘텐츠 공모전,데일리팜,2026-04-30,https://www.dailypharm.com/user/contest/4,위비티
2026년 5월 삼성생명 금융캠퍼스 한달 인턴과정 참가자 모집,삼성생명,2026-04-30,https://samsunglife-sfp.com/jobs/RC20250523018321,위비티
[곰믹스] 제8회 영상 공모전 - 백만 유튜버 상상이라도 해보자,곰앤컴퍼니,2026-04-30,https://contest.gomlab.com/contest/202604,위비티
[Sh수협은행] 대학생 홍보대사 12기 유니블루 모집,Sh수협은행,2026-05-03,https://www.instagram.com/suhyupbank_official/p/DXV0lDbjb_-/,위비티
포항 로컬 MICE 창업 아이디어 공모전,한동대학교,2026-05-03,https://v0-gradient-blind-hero-section-nine-inky.vercel.app/,위비티
2026년 제5기 보험연구원 온라인 서포터즈 모집,보험연구원,2026-05-06,https://www.kiri.or.kr/index.do,위비티
2026년 국민연금 대국민 영상 광고제,보건복지부,2026-05-08,https://www.mohw.go.kr/board.es?mid=a10501010100&bid=0003&act=view&list_no=1490079&tag&nPage=1,위비티
제6기 그린리모델링 대학생기자단 모집,"국토교통부, 국토안전관리원 / 그린리모델링 창조센터",2026-05-10,https://06greenpress.kro.kr,위비티
2026 LG전자 멤버십 앱 스플래시 콘텐츠 공모전,LG전자,2026-05-12,https://lg-custom-pages.travelflan.com/splash-2026-summer,위비티
"[STK 2026] 제1회 GenAI STK 광고영상 공모전 | Sponsored by NC AI, (주)큐팁",STK 2026 사무국,2026-05-13,https://smarttechkorea.com/,위비티
[대한민국시도지사협의회] 지방시대 숏폼 영상 공모전,대한민국시도지사협의회,2026-05-13,https://www.gaok.or.kr/front/viewAritcle.do?bbsId=BBS_0001&nttId=30375,위비티
6주 만에 책을 내고 작가가 되세요! ! 누구나 참여 가능합니다! 56기 모집,글ego,2026-05-14,https://www.egowriting.com,위비티
2026 대학생 유튜브 숏폼 광고 공모전,LG이노텍,2026-05-17,https://news.lginnotek.com/1638,위비티
한화생명 드림플러스 인베스터 클럽 2기 모집,한화생명 드림플러스,2026-05-18,https://vo.la/HDynhd5,위비티
2026년 제15회 한국인터넷거버넌스포럼(KrIGF) 포스터 세션 공모,다자간인터넷거버넌스협의회(KIGA) / 한국인터넷거버넌스포럼(KrIGF),2026-05-19,http://apply.krigf.org:3000,위비티
전국민 가치가게 광고 공모전,보령시농촌신활력플러스사업추진단,2026-05-20,https://blog.naver.com/brnewplus/224267863780,위비티
2026 직업계고 취업 포트폴리오 광고제,교육부 / 한국발명진흥회,2026-05-22,https://www.gojobcon.kr/events/2026.ad.php,위비티
[근로복지공단 근로복지연구원] 2026년 제11회 산재보험패널 학술대회,근로복지공단 근로복지연구원,2026-05-22,https://pswci-conf.or.kr/,위비티
[문화체육관광부 x 한국콘텐츠진흥원] 2026 K-콘텐츠 수출 마케터 양성 교육 5기 교육생 모집,"문화체육관광부, 한국콘텐츠진흥원",2026-05-25,https://recruit.incruit.com/koccaccw/job/2604230021,위비티
[저출산고령사회위원회] 내 삶을 바꾸는 인구정책 & 슬로건 공모전,저출산고령사회위원회,2026-05-25,https://www.betterfuture.go.kr/,위비티
2026년 제23회 통화정책 경시대회,한국은행,2026-05-27,https://www.bok.or.kr/portal/main/contents.do?menuNo=200495,위비티
「독도를 지키는 작은 발명」 아이디어 공모전,·주관,2026-05-27,https://forms.gle/g4SCfLDyALkvajXv9,링커리어
독도를 지키는 작은 발명 아이디어 공모전,한국발명진흥회,2026-05-27,https://www.kipa.org/kipa/notice/kw_0403_01.jsp?mode=view&article_no=124756,위비티
2026 국민행복증진 철도·대중교통·물류 아이디어 공모전,주최사 정보 미상,2026-05-28,https://bit.ly/krri_idea_2026,링커리어
"2026 관세연구공모전(관세평가·품목분류 연구논문, 관세평가 판례평석)",관세평가분류원,2026-05-29,https://www.관세연구공모전.kr,위비티
"2026 사막화·가뭄 방지를 위한 나무 한 컷, 우리의 이야기 공모전",주최사 정보 미상,2026-05-29,https://docs.google.com/forms/d/e/1FAIpQLSeshiJ7LduGo4VxUQ3gQnz-_PyUoRNc7CC1BClRtu17VChmjw/viewform,링커리어
"2026 사막화·가뭄 방지를 위한 나무 한 컷, 우리의 이야기 공모전","측은 수상작에 한하여 전시, 홍보물 제작, 발간물 게재, 온라인 게시 등의 홍보 목적으로 저작물을 변형하거나 복제·배포할 수 있습니다.",2026-05-29,https://docs.google.com/forms/d/e/1FAIpQLSeshiJ7LduGo4VxUQ3gQnz-_PyUoRNc7CC1BClRtu17VChmjw/viewform,링커리어
2026 연금행동 신진연구자 학술제 : 공적연금에 관심있는 신진연구자를 찾습니다,공적연금강화국민행동,2026-05-29,http://pensionforall.kr/2026/04/02/공적연금에-관심있는-신진연구자를-찾습니다-4/,위비티
2026년 경상북도 공공부문 규제혁신 아이디어 공모전,경상북도,2026-05-29,https://www.gb.go.kr/Main/page.do?mnu_uid=6786&BD_CODE=bbs_gongji&cmd=2&B_NUM=507774901&B_STEP=507774900,위비티
2026년 김천시 저출생 극복 정책 제안 공모전,김천시,2026-05-29,https://sotong.go.kr/front/epilogue/epilogueNewViewPage.do?bbs_id=124693ffcdd24f8ca6de0c3612b483be,위비티
2026년 제1회 소방안전분야 학술논문 공모전,한국소방안전원 / 한국소방안전원,2026-05-29,https://www.kfsi.or.kr/customerservice/notice/noticeView.do?pstSn=1007624,위비티
"AI로 그리는 스마트도시 2026 국가시범도시 (세종, 부산) 혁신서비스 아이디어 공모전",주최사 정보 미상,2026-05-29,https://docs.google.com/forms/d/e/1FAIpQLSeshiJ7LduGo4VxUQ3gQnz-_PyUoRNc7CC1BClRtu17VChmjw/viewform,링커리어
경기연구원 2026 경기라이프서베이(GLS) 논문 공모전,경기연구원,2026-05-29,https://www.gri.re.kr/web/contents/gis-thesis.do,위비티
경남신용보증재단 대학(원)생 소상공인 논문 공모전,경남신용보증재단,2026-05-29,https://www.gnsinbo.or.kr/bbs/board.php?bo_table=01_03_01_01≀_id=577,위비티
국민권익 분야 대표 정책 전문 학술지 권익 제3권 논문 공모,국민권익위원회,2026-05-29,https://www.acrc.go.kr/board.es?mid=a30103000000&bid=CDNS&act=view&list_no=105251&nPage=1,위비티
국토교통부 중련 운행 우리말 이름 공모전,주최사 정보 미상,2026-05-29,https://docs.google.com/forms/d/e/1FAIpQLSeshiJ7LduGo4VxUQ3gQnz-_PyUoRNc7CC1BClRtu17VChmjw/viewform,링커리어
손해보험협회 창립 80주년 기념 손해보험 수기·논문 공모전,손해보험협회,2026-05-29,https://www.knia.or.kr/data/notice/content?index=88698,위비티
정선 여행 AI 영상 광고 공모전,정선군,2026-05-29,https://jeongseoncontest.com/,위비티
제33회 한글글꼴디자인 공모전,세종대왕기념사업회,2026-05-29,https://www.xn--ob0but22ae12auiq.org/,씽굿
제33회 한글글꼴디자인 공모전,주최사 정보 미상,2026-05-29,https://docs.google.com/forms/d/e/1FAIpQLSeshiJ7LduGo4VxUQ3gQnz-_PyUoRNc7CC1BClRtu17VChmjw/viewform,링커리어
제5회 미래 모빌리티 산업 아이디어 공모전 (STEP 1: 연구계획서 모집),K-Mobility,2026-05-29,https://www.kmbridge.org/,링커리어
탄소중립 녹색 스마트도시 조성을 위한 국민 아이디어 공모전,평택시 / 영국씨앤피,2026-05-29,https://www.culture.go.kr/digicon,위비티
2026년 상반기 밀양시 테마형 제안 공모전,밀양시,2026-05-30,https://www.epeople.go.kr/cmmn/idea/redirect.do?ideaRegNo=1AE-2605-0000423,위비티
2026 AFI GIC Award,"사단법인 애니멀프리이니셔티브 / 오가노이드사이언스, 람다바이오로직스",2026-05-31,https://cheddar-eocursor-287.notion.site/2026-AFI-GIC-Award-3423e171de0d80368d5be23f58e327a4,위비티
2026 대경문화예술고등학교장배 전국 중·고등학생 e스포츠 대회(발로란트),],2026-05-31,http://www.dkcahs.co.kr/,링커리어
2026 제22회 코리아타임스 경제 에세이 대회,Koreatimes,2026-05-31,https://essaycontest.koreatimes.co.kr/EssayContest_2026.html,위비티
2026년 개인정보 불법유통 대응 대학생 모니터링단 모집,개인정보보호위원회 / 한국인터넷진흥원,2026-05-31,https://www.kisa.or.kr/401/form?postSeq=3661&page=1,위비티
2026년도 kt wiz 퓨처스마케터 5기 학술제 공모,kt sports,2026-05-31,https://www.ktwiz.co.kr/media/wiznews/200261,위비티
2026년도 kt wiz 퓨처스마케터 5기 학술제 공모,주최사 정보 미상,2026-05-31,https://www.ktwiz.co.kr,링커리어
[나주시] 2026 나주방문의 해 홍보 숏폼·크리에이터 공모전,나주시,2026-05-31,https://sotong.go.kr/front/epilogue/epilogueNewViewPage.do?bbs_id=8f23f9e208994931ab0dd33a9fb3dde1,위비티
[네이버 X 어반플레이] AI BIZ CREATOR SCHOOL 참여자 모집,네이버 X 어반플레이,2026-05-31,https://www.aibizcreatorschool.com/,위비티
[임팩트스퀘어] SOVAC 2026 참가 기관 모집 (제3회 대한민국 사회적 가치 페스타),하는 ‘제3회 대한민국 사회적가치 페스타’와 함께합니다. 이번 행사에는 사회적 가치 생태계는 물론 정부·공공기관·민간기업·학계 등 보다 다양한 이해관계자들이 한자리에 모여 사회문제 해결과 협력 방안을 모색할 예정입니다.,2026-05-31,https://www.impactsquare.com/,링커리어
[현대모비스 X 경기북부경찰청 교통안전용품] 아이디어 공모,주최사 정보 미상,2026-05-31,https://www.mobis.co.kr,링커리어
[호텔28 명동] 2026 28초 숏폼 공모전,호텔28 명동,2026-05-31,https://www.hotel28.co.kr,링커리어
물-에너지 융합 포럼 대국민 아이디어 공모전,기후에너지환경부,2026-05-31,https://www.mcee.go.kr/m/mob/board/read.do;jsessionid=PSwr6gPCRcgLMDDa449ttpWsuPRI0Z42fSycvRIt.mehome2?pagerOffset=0&maxPageItems=10&maxIndexPages=5&menuId=12&orgCd=&boardMasterId=39&boardId=1861020,위비티
전남518민중항쟁 46주년기념 제7회 청소년미술공모대회 <희망새의 지저귐>,측에 귀속됨을 알려드립니다.,2026-05-31,https://docs.google.com/forms/d/e/1FAIpQLSeshiJ7LduGo4VxUQ3gQnz-_PyUoRNc7CC1BClRtu17VChmjw/viewform,링커리어
제13회 산업안전보건 조사자료 논문 경진대회,한국산업안전보건공단 산업안전보건연구원,2026-05-31,https://portal.kosha.or.kr/business-apply-search/etc-biz/safety-environment-research/contest/sub1,위비티
제23회 윤동주 기념 백일장,주최사 정보 미상,2026-05-31,https://ydj.yonsei.ac.kr/ydj/index.do,링커리어
제2회 K-패션 브랜드 디자인 공모전 및 경진대회 K-FASION BRADN DESIGN,(사)동대문의류패션협회,2026-05-31,https://dongdaemun-sewing.imweb.me/71,씽굿
제2회 K-패션 브랜드 디자인 공모전 및 경진대회 K-FASION BRADN DESIGN,/ 후원,2026-05-31,https://docs.google.com/forms/d/e/1FAIpQLSeshiJ7LduGo4VxUQ3gQnz-_PyUoRNc7CC1BClRtu17VChmjw/viewform,링커리어
현대모비스 x 경기북부경찰청 교통안전용품 아이디어 공모,현대모비스 x 경기북부경찰청,2026-05-31,https://www.instagram.com/mobis_item/p/DYTMhzvmTYN/?img_index=1,위비티
2026년 제14회 GAF 공연예술제 전문예술단체 공모,가프공연예술제,2026-06-01,https://docs.google.com/forms/d/e/1FAIpQLSeshiJ7LduGo4VxUQ3gQnz-_PyUoRNc7CC1BClRtu17VChmjw/viewform,링커리어
AI·XR 안전 체험교육 콘텐츠 아이디어 공모,충청북도,2026-06-01,https://www.chungbuk.go.kr,씽굿
K-건설안전 AI 콘텐츠 공모전,국토교통부 / 국토안전관리원,2026-06-01,https://ai-kalis.com/,위비티
충청북도 AI·XR 안전 체험교육 콘텐츠 아이디어 공모전,충청북도,2026-06-01,https://sotong.go.kr/front/epilogue/epilogueNewViewPage.do?bbs_id=2f33ab4a64f643a0b019523c4b13eb05,위비티
2026 청년연구 아이디어 공모전,청년재단,2026-06-03,https://kyf.or.kr/user/boardDetail.do?bbsId=BBSMSTR_000000000367&nttNo=9803,위비티
ICT넥스트 크루(대학생 서포터즈) 공개 모집,한국방송통신전파진흥원,2026-06-03,https://www.kca.kr/boardView.do?pageId=www47&boardId=NOTICE&seq=2962121,위비티
[마포아트센터] 2026 마포 문화예술교육 상상스위치 예술 콘텐츠 공모,주최사 정보 미상,2026-06-03,https://www.mfac.or.kr/communication/notice_all_view.jsp?sc_b_code=BOARD_1207683401&sc_type=1&pk_seq=9099&sc_cond=b_subject&page=1,링커리어
"“님, 부산 다녀오셨네요?” 부산여행 여름사진 공모전",주최사 정보 미상,2026-06-03,https://docs.google.com/forms/d/e/1FAIpQLSeshiJ7LduGo4VxUQ3gQnz-_PyUoRNc7CC1BClRtu17VChmjw/viewform,링커리어
국가유산을 안내하는 대표 목소리를 찾습니다 국가유산 방문 캠페인 오디오 공모전,주최사 정보 미상,2026-06-03,https://docs.google.com/forms/d/e/1FAIpQLSeshiJ7LduGo4VxUQ3gQnz-_PyUoRNc7CC1BClRtu17VChmjw/viewform,링커리어
2026 뉴스타즈 경진대회 (New Stars MAD Competition 2026) 참가자 모집 (참가비 있음),부산국제마케팅광고제,2026-06-04,https://www.madstars.org/adstar/main/AdstarMainView.do,위비티
[텀스 코리아] 텀스 공식 엠버서더 2기 모집,텀스 코리아 / (주)가온리빙,2026-06-04,https://www.instagram.com/p/DYogaCEEc9s/?img_index=1,위비티
제2회 서울 환경교육사 경연대회,서울특별시환경교육센터,2026-06-04,https://seec.or.kr/,씽굿
1st Rising Star 뮤지컬·연기 모의 실기고사,청강문화산업대학교,2026-06-05,https://www.ckdrama.com/%EB%AA%A8%EC%9D%98%EC%8B%A4%EA%B8%B0,씽굿
1st Rising Star 뮤지컬·연기 모의 실기고사,청강문화산업대학교 / 청강문화산업대학교,2026-06-05,https://www.ckdrama.com/%EB%AA%A8%EC%9D%98%EC%8B%A4%EA%B8%B0,위비티
2026 원자력발전포럼 미래세대 분과 아톰즈 1기 모집,한국에너지정보문화재단,2026-06-05,https://www.e-policy.or.kr/web/lay1/bbs/S1T16C17/A/1/view.do?article_seq=6071&cpage=1&rows=10&condition=&keyword=&orderby=,위비티
2026년 경기 스타트업 글로벌 성장지원 일본 오픈이노베이션 프로그램 참여 기업 모집,주최사 정보 미상,2026-06-05,https://docs.google.com/forms/d/e/1FAIpQLSeshiJ7LduGo4VxUQ3gQnz-_PyUoRNc7CC1BClRtu17VChmjw/viewform,링커리어
2026년 고창군 규제개혁 아이디어 공모전,고창군,2026-06-05,https://www.epeople.go.kr/cmmn/idea/redirect.do?ideaRegNo=1AE-2605-0000290,위비티
[BNK 썸 여자프로농구단] 대학생 서포터즈 2기 모집,BNK 썸 여자프로농구단,2026-06-05,https://www.culture.go.kr/digicon,위비티
[D-Link 4기] 동구 청년 창업기업 프로그램 참여 연장 공고,주최사 정보 미상,2026-06-05,https://theggum.or.kr/,링커리어
[D-Link 4기] 동구 청년 창업기업 프로그램 참여자 모집 공고,대구동구청,2026-06-05,https://theggum.or.kr/sub/sub05_01.asp?mode=cont&idx=66&gotoPage=1&snm=7&board_id=1&srch_Flag=&srch_Word=&bcate=&sk=,씽굿
[무신사] 무진장 성공 기원 AI 영상 광고제,무신사 / (주)마스삼공,2026-06-05,https://musinsa.onelink.me/2uua/1gueu4q4,위비티
[무신사] 무진장 성공 기원 AI 영상 광고제,주최사 정보 미상,2026-06-05,https://musinsa.onelink.me/2uua/1gueu4q4,링커리어
[보건복지부] 「인구와 미래! 2026 학교인구교육 수업나눔 경진대회」(~6/5),·주관,2026-06-05,https://pfi.re.kr/,링커리어
[산업통상부/KIAT] K-Girls' Day 리브랜딩 네이밍 공모전,산업통상부 / 한국산업기술진흥원(KIAT),2026-06-05,https://www.kiat.or.kr/front/board/boardContentsView.do?contents_id=d53f82374a714758a2fbe80ca3562d45,위비티
[산업통상부/KIAT] K-Girls' Day 리브랜딩 네이밍 공모전,에 귀속됩니다,2026-06-05,https://forms.gle/KyWTeN5f1cmjGHEz9,링커리어
[산업통상부/KIAT] K-Girls' Day 리브랜딩 네이밍 공모전,에 귀속됩니다.,2026-06-05,https://forms.gle/KyWTeN5f1cmjGHEz9,씽굿
[서울사회적경제지원센터] 2026년 사회적경제기업 제품 디자인 고도화 지원 참여작가 모집,주최사 정보 미상,2026-06-05,https://sehub.net/archives/2156132,링커리어
[시립관악노인종합복지관] 어울림 경로당 청년 자원봉사자 모집,시립관악노인종합복지관,2026-06-05,https://www.culture.go.kr/digicon,위비티
서울청년문화패스 서포터즈 서청팬 3기 모집,서울문화재단,2026-06-05,https://www.youthcultureseoul.kr/customer/notices/819,위비티
제4기 청년 창업기업 D-Link 프로그램 참여자 모집,대구동구청,2026-06-05,https://www.facebook.com/thinkgood.contest,씽굿
﻿2026 ASYAAF 100 대학생 큐레이터 모집,"조선일보 문화사업단, PoA / 조선일보",2026-06-06,https://asyaaf.chosun.com/main/main.php,위비티
'나는 청년 프로그램 기획자' 아이디어 공모전,],2026-06-07,https://www.gimhae.go.kr/03360/00023/00029.web?amode=view&not_ancmt_mgt_no=107545&section=00029,링커리어
2026 김해형 청년 프로그램 기획 공모전,김해시,2026-06-07,https://www.gimhae.go.kr/03360/00023/00029.web?not_ancmt_mgt_no=107545&amode=view,위비티
2026 축구산업 아이디어 공모전,한국축구과학회,2026-06-07,https://blog.plco.pro/plco-kssf-2026-contest/,위비티
2026 한국학생건축비엔날레 학생작품전 오픈콜,주최사 정보 미상,2026-06-07,https://www.instagram.com/saenggak_ksab/,링커리어
2026년 밀양시 MY시민 크리에이터 모집,밀양시 / 다플기획,2026-06-07,https://www.miryang.go.kr/web/bbs/selectNoticeDetail.do?mnNo=20901000000&owd=&bbsId=BBSMSTR_000000086232&nttId=191507&searchCnd=&searchWrd=&pageIndex=1,위비티
Japan Korea Daily 2기 한일교류 리포터 모집,벡터컴,2026-06-07,https://www.culture.go.kr/digicon,위비티
[고용노동부] 「연차 휴가 분할 사용」 사진 이벤트,고용노동부,2026-06-07,https://naver.me/5t7f0JuF,씽굿
[한국문화정보원] 문화PD 24기 모집,한국문화정보원,2026-06-07,https://www.kcisa.kr/kr/board/notice/boardView.do?bbsIdx=20497,위비티
대전광역시 중구 2026 정책제안 공모전,대전광역시 중구,2026-06-07,https://blog.naver.com/djjunggu8/224283086937,위비티
2026년 무역안보 인식확산 대국민 공모전,산업통상부,2026-06-08,https://www.kosti.or.kr/brd/board/222/L/menu/306?brdType=R&thisPage=1&bbsSn=11622&brdCodeValue=,위비티
마케팅 직무경험 | 조회수를 브랜드딜로 잇는 MCN 콘텐츠 전략 공모전,어치브모먼트,2026-06-08,https://pf.kakao.com/_BFxgNG,씽굿
제56회 대한민국공예품대전 서울시 예선대회 공모,주최사 정보 미상,2026-06-08,https://crafts.or.kr/,링커리어
조회수를 브랜드딜로 잇는 MCN 콘텐츠 전략 공모전,주최사 정보 미상,2026-06-08,https://www.blaybus.com/activities/875/landing?utm_source=linkaeer&utm_medium=activity&utm_campaign=click,링커리어
2026 대한민국 청소년 광고대회,문화체육관광부 / 한국광고총연합회,2026-06-09,https://youngkosac.ad.co.kr/,위비티
건강보험심사평가원 건강한 하루 루틴 챌린지,건강보험심사평가원 이벤트 운영 사무국,2026-06-09,https://www.instagram.com/p/DYyENgAE0bN/?utm_source=ig_web_copy_link&igsh=MzRlODBiNWFlZA==,위비티
건강보험심사평가원 건강한 하루 루틴 챌린지(~6/9),건강보험심사평가원,2026-06-09,https://www.instagram.com/p/DYyENgAE0bN/?utm_source=ig_web_copy_link&igsh=MzRlODBiNWFlZA==,씽굿
건강보험심사평가원 건강한 하루 루틴 챌린지(~6/9),주최사 정보 미상,2026-06-09,https://www.instagram.com/p/DYyENgAE0bN/?utm_source=ig_web_copy_link&igsh=MzRlODBiNWFlZA==,링커리어
[Emotion Archive] 2026 디지털 아카이브 공모전,주최사 정보 미상,2026-06-10,https://youthimpact.com/,링커리어
감정을 담아 그리다: 디지털 아카이브 공모전,유스임팩트,2026-06-10,https://docs.google.com/forms/d/e/1FAIpQLScWx4hwMkZ0_y3VnH-JT5PHQUrKzYSJNS3R95ozYNTRGMonzw/viewform,씽굿
2027 함양방문의 해 함양관광 아이디어 공모전,함양군,2026-06-11,https://www.hygn.go.kr,위비티
제5기 계룡소담(SNS 홍보 서포터즈) 모집,계룡시청,2026-06-11,https://gyeryong.go.kr/kr/html/sub03/030101.html?mode=V&site_dvs_cd=kr&menu_dvs_cd=030101&code=kr_030101&no=9ef388027f0f7a50971d94c9c3222fcc&GotoPage=1&group_at=kr_030101,위비티
2026 경상북도 한복창작해커톤대회,경상북도 / 한국한복진흥원,2026-06-12,https://www.hankukhanbok.or.kr/school2.asp?seq=91,위비티
2026년 경상남도 규제 개선과제 공모전,경상남도,2026-06-12,https://www.gyeongnam.go.kr/index.gyeong?menuCd=DOM_000000135003009001&mode=view&sno=54279&gosiGbn=A,위비티
2026년 군포시 정기 제안 공모,군포시,2026-06-12,https://www.epeople.go.kr/cmmn/idea/redirect.do?ideaRegNo=1AE-2605-0001145,위비티
JB금융그룹 Fin:AI Challenge,JB금융그룹,2026-06-12,https://daker.ai/public/hackathons/jb-fin-ai-challenge,씽굿
"SK 이노베이션, 「AI 임팩트 솔루션」 지원사업",SK,2026-06-12,https://open.kakao.com/o/sdWzmusi,링커리어
[경상북도] 2026 경상북도 한복창작해커톤대회,경상북도 / 주관: 경북문화재단 한국한복진흥원,2026-06-12,https://hankukhanbok.or.kr,링커리어
[성동구자원봉사센터] 성동구 자원봉사 기록 공모전,주최사 정보 미상,2026-06-12,https://forms.gle/qEV4VcYgJxAyHGAw7,링커리어
[아산시] 아산형 기본사회 정책 아이디어 공모전,주최사 정보 미상,2026-06-12,https://naver.me/Ge7dtNN7,링커리어
[제1회 대구 동구 청년 창업 아이디어 경진대회] 참가자 모집 공고,주최사 정보 미상,2026-06-12,https://theggum.or.kr/sub/sub05_01.asp?mode=cont&idx=68&gotoPage=1&snm=7&board_id=1&srch_Flag=&srch_Word=&bcate=&sk=,링커리어
아산형 기본사회 정책 아이디어 공모전,아산시,2026-06-12,https://www.epeople.go.kr/cmmn/idea/redirect.do?ideaRegNo=1AE-2605-0000349,위비티
제 10회 전국 대학생 가치투자대회,주최사 정보 미상,2026-06-12,https://forms.gle/wnJSiAJ4g9v2V7NH9,링커리어
제28회 전국학생통계활용대회,국가데이터처 / 국가데이터인재개발원,2026-06-12,https://www.통계활용대회.kr,위비티
제7회 AI·ICT 장애인 보조공학기기 공모전,고용노동부 / 한국장애인고용공단(보조공학센터),2026-06-12,https://www.kead.or.kr/bbs/deptgongji/bbsView.do?pageIndex=1&menuId=MENU0895&bbsCode=deptgongji&bbsCnId=213021,위비티
제7회 기상청 달콤기후 공모전,기상청,2026-06-12,https://www.climate.go.kr/home/bbs/view.php?code=11&bname=notice&vcode=7138&cpage=1&vNum=105&skind=&sword=&category1=&category2=,위비티
제9회 5·18정신계승 전국 그림그리기 글쓰기 대회,측 : 도화지 및 원고지,2026-06-12,https://docs.google.com/forms/d/e/1FAIpQLSeshiJ7LduGo4VxUQ3gQnz-_PyUoRNc7CC1BClRtu17VChmjw/viewform,링커리어
한화생명금융서비스 WM컨설팅지사 금융영업캠퍼스 1기 모집,한화생명금융서비스,2026-06-12,https://naver.me/5LQ7pW84,위비티
롯데월드타워·몰 JAMSIL CREW 1기 서포터즈 모집,롯데물산,2026-06-14,https://jamsilcrew.com/,위비티
한국기술교육대학교 개교 35주년 기념 AI 굿즈 디자인 공모전,한국기술교육대학교,2026-06-14,https://docs.google.com/forms/d/10RNkfWSR9pCAsSmfsOUYHPxB0qHQxguIXNEL3891Ez4/viewform?edit_requested=true,위비티
2026 제주 인구정책 몬딱 공모전,제주특별자치도,2026-06-15,https://sotong.go.kr/front/epilogue/epilogueNewViewPage.do?bbs_id=527ba3665ace47f4acf8eba798d16d1f,위비티
2026 청소년 해양영토 토론대회,해양수산부,2026-06-15,https://ocean.or.kr,씽굿
[한전KDN] 2026년도 산업안전 포스터 공모전,주최사 정보 미상,2026-06-15,https://docs.google.com/forms/d/e/1FAIpQLSeshiJ7LduGo4VxUQ3gQnz-_PyUoRNc7CC1BClRtu17VChmjw/viewform,링커리어
국가지식정보 통합플랫폼 디지털집현전 - 대화형 검색 이벤트,과학기술정보통신부,2026-06-15,https://www.facebook.com/thinkgood.contest,씽굿
제10회 소비자지향성 개선과제 공모전,공정거래위원회 / 한국소비자원,2026-06-15,https://kca.conbase.kr/kcacoa,위비티
제1회 서울청소년실험영화제 작품 공모,],2026-06-15,https://www.instagram.com/syeff2026?igsh=a2N5a2xoNHJmZXg4,링커리어
2026 부산대표 관광기념품 공모전,주최사 정보 미상,2026-06-16,https://m.site.naver.com/287ka,링커리어
국내산 수산물을 부탁해 간편식 아이디어 공모전,한국수산회,2026-06-16,http://korfish.or.kr/notice/?mod=document&pageid=1&uid=2001,위비티
룬샷 경진대회 난제 해결방안 제안서 공모,주최사 정보 미상,2026-06-16,https://www.add.re.kr/kps/publicNtis/ntisView?pageNum=1&rowCnt=10&titleId=1709&menuId=MENU02201&titleId=0,링커리어
제23회 서울국제실험영화페스티벌 자원활동가 모집,서울국제실험영화페스티벌 사무국,2026-06-16,https://ex-is.org/volunteer,위비티
2026 경기정원문화박람회 상상정원 작품공모,(재)경기환경에너지진흥원,2026-06-17,https://www.gggarden.kr/2026/main,씽굿
2026 제14회 경기정원문화박람회 상상정원 작품 공모전,),2026-06-17,https://www.gggarden.kr/2026/contest/imagine,링커리어
2026 제14회 경기정원문화박람회 작가정원 작품 공모전,),2026-06-17,https://www.gggarden.kr/2026/contest/expert,링커리어
[한국전력기술] 2026 에너지절감 슬로건 공모전,주최사 정보 미상,2026-06-17,https://www.kepco-enc.com/,링커리어
교보문고 제12회 교보손글씨대회,주최사 정보 미상,2026-06-17,https://docs.google.com/forms/d/e/1FAIpQLSeshiJ7LduGo4VxUQ3gQnz-_PyUoRNc7CC1BClRtu17VChmjw/viewform,링커리어
제4회 전국 편지쓰기·예쁜 엽서 만들기 대회,주최사 정보 미상,2026-06-17,https://letter.dobong.or.kr/,링커리어
2026 국제 시각문화 심포지엄 및 국제전 공모,CICA 미술관,2026-06-19,https://cicamuseum.com/open-call-isvc-2026/,씽굿
2026 지방공무원 대상 재난·안전 직무발명 아이디어 공모전,"행정안전부, 대한변리사회",2026-06-19,https://www.mois.go.kr/frt/bbs/type013/commonSelectBoardArticle.do?bbsId=BBSMSTR_000000000006&nttId=125541,위비티
2026년 산업보건 미래 인재 연구경진대회,"산업안전상생재단, 한국산업보건학회",2026-06-19,https://ispf.or.kr/select/ntcMatrMain/ntcMatrMainInfo.do?cmmntyId=2024030001&nttNo=719,위비티
CICA 미술관 국제전 “Message” 공모,주최사 정보 미상,2026-06-19,https://cicamuseum.com/call-for-artists-message/,링커리어
[K포럼] 2026 K포럼 'PLAY 백제' AI 영상 공모전,주최사 정보 미상,2026-06-19,https://docs.google.com/forms/d/e/1FAIpQLSeshiJ7LduGo4VxUQ3gQnz-_PyUoRNc7CC1BClRtu17VChmjw/viewform,링커리어
가덕도신공항 숏폼 영상 공모전,주최사 정보 미상,2026-06-19,https://g-airport.or.kr/kor/index.do,링커리어
고령군 2026 군정정책 제안 공모전,고령군,2026-06-19,https://www.goryeong.go.kr/kor/contents.do?IDX=85,위비티
대한민국 '물' 대축전 제5회 전국학생미술실기대회,(사)한국예술문화단체총연합회 충주지회,2026-06-19,http://www.cjart.or.kr,씽굿
수도권 공공기관 전남 유치 홍보를 위한「AI 로고송 제작 공모전」,주최사 정보 미상,2026-06-19,https://docs.google.com/forms/d/e/1FAIpQLSeshiJ7LduGo4VxUQ3gQnz-_PyUoRNc7CC1BClRtu17VChmjw/viewform,링커리어
제61회 발명의 날 기념 발명굿즈 숏폼 공모전 「발명이라면」,주최사 정보 미상,2026-06-19,https://forms.gle/LnpksApxcJRzaFMt9,링커리어
제61회 발명의 날 기념 발명굿즈 숏폼 콘텐츠 공모전 「발명이라면」,한국발명진흥회,2026-06-19,https://forms.gle/LnpksApxcJRzaFMt9,씽굿
제9회 청소년밴드경연대회,인천광역시,2026-06-19,https://www.facebook.com/thinkgood.contest,씽굿
2026년 모두가 즐기는 스포츠 백호돌이 굿즈 디자인 공모전,서울올림픽기념국민체육진흥공단,2026-06-21,https://www.kspo.or.kr/kspo/bbs/B0000027/view.do?nttId=64049&menuNo=200149&searchWrd=&pageIndex=1,위비티
2026년 모두가 즐기는 스포츠 백호돌이 굿즈 디자인 공모전,주최사 정보 미상,2026-06-21,https://docs.google.com/forms/d/e/1FAIpQLSeshiJ7LduGo4VxUQ3gQnz-_PyUoRNc7CC1BClRtu17VChmjw/viewform,링커리어
[기획예산처] 재정데이터 분석 대학(원)생 경진대회,기획예산처 / 한국재정정보원,2026-06-21,https://www.culture.go.kr/digicon,위비티
2026 제천뮤직필름마켓 영화음악가 공모,제천국제음악영화제,2026-06-22,https://www.facebook.com/thinkgood.contest,씽굿
2026 충청북도 공예품대전,주최사 정보 미상,2026-06-22,https://crafts.or.kr/)로만,링커리어
2026 충청북도 공예품대전,충청북도,2026-06-22,https://crafts.or.kr/,씽굿
2026년 장흥군 정책제안 공모전,장흥군,2026-06-24,https://www.epeople.go.kr/cmmn/idea/redirect.do?ideaRegNo=1AE-2605-0000929,위비티
2026 부산광역시 공공데이터•AI 활용 창업경진대회,부산광역시 / (재)부산테크노파크,2026-06-25,https://www.busan.go.kr/nbgosi/view?sno=77670&gosiGbn=A&curPage=5,위비티
2026년 부산광역시 공공데이터·AI 활용 창업경진대회,부산광역시,2026-06-25,https://www.facebook.com/thinkgood.contest,씽굿
제24회 한청 문화제 가요제&경연대회 참가자 사전 접수,주최사 정보 미상,2026-06-25,https://forms.gle/8qrZxVLHTHdvF36a6,링커리어
2026 구조물 내진설계 경진대회,"부산대학교, (재)국토교통연구인프라운영원",2026-06-26,https://naver.me/5K65SdWL,씽굿
2026년 제2회 국세데이터 활용 논문 경진대회,국세청·한국세무학회,2026-06-26,https://www.shinhan.ac.kr/kr/194/subview.do;jsessionid=5555399E3AE4A8FDDAAE26FB765A0F17?enc=Zm5jdDF8QEB8JTJGYmJzJTJGa3IlMkYxOTclMkYxMTgxODQlMkZhcnRjbFZpZXcuZG8lM0Y%3D,위비티
2026년 파주시 AI 영상 공모전 (프롬프트로 만드는 파주),파주시청,2026-06-26,https://dong.paju.go.kr/dong/user/board/BD_board.view.do?bbsCd=1022&q_ctgCd=4063&seq=20260420175128297,위비티
2026년 파주시 AI 영상 공모전 「프롬프트로 만드는 파주」,파주시청,2026-06-26,https://www.facebook.com/thinkgood.contest,씽굿
2026년 해양수산 규제합리화 과제 대국민 공모전,해양수산부,2026-06-26,https://www.mof.go.kr/doc/ko/selectDoc.do?docSeq=66538&bbsSeq=9&menuSeq=375,위비티
제16회 부산 MICE 콘텐츠 공모전,부산광역시,2026-06-26,https://www.mice.or.kr/bbs/board.php?bo_table=notice≀_id=384,위비티
제16회 부산 MICE 콘텐츠 공모전,주최사 정보 미상,2026-06-26,https://docs.google.com/forms/d/e/1FAIpQLSeshiJ7LduGo4VxUQ3gQnz-_PyUoRNc7CC1BClRtu17VChmjw/viewform,링커리어
제36회 거창국제연극제 자원활동가 및 관객심사단 모집,거창문화재단,2026-06-26,https://www.culture.go.kr/digicon,위비티
제4회 문화체육관광 인공지능·데이터 활용 공모전,"문화체육관광부 / 한국문화정보원, 국민체육진흥공단, 한국관광공사, 한국문화예술위원회, 한국콘텐츠진흥원",2026-06-26,https://www.culture.go.kr/digicon,위비티
제4회 문화체육관광 인공지능·데이터 활용 공모전,주최사 정보 미상,2026-06-26,https://www.culture.go.kr/digicon,링커리어
현금영수증 숏폼 영상 공모전,국세청,2026-06-26,http://nts.spectory.net/cashreceipt,씽굿
2026 더 클래식 콩쿠르,KNN,2026-06-28,https://www.knntheclassic.com/,씽굿
2026 산림치유음식공모전,산림청,2026-06-29,https://docs.google.com/forms/d/e/1FAIpQLSeshiJ7LduGo4VxUQ3gQnz-_PyUoRNc7CC1BClRtu17VChmjw/viewform,링커리어
2026 산림치유음식공모전,응모대상,2026-06-29,https://foresthealingfood.kr/contest,씽굿
2026년 경주시 행복톡톡 아이디어 공모전,경주시,2026-06-29,https://www.epeople.go.kr/cmmn/idea/redirect.do?ideaRegNo=1AE-2605-0000566,위비티
2026년 제18회 장애인고용패널 학술대회 대학원생 논문경진대회,한국장애인고용공단,2026-06-29,https://edi.kead.or.kr/BoardType07.do?bid=8∣=55&cmd=_view&idx=38831&currentPage=1&searchField=0&searchString=,위비티
2026년도 제31회 경기도 건축문화상 공모전 (계획작품 부문 / 사용승인 건축물 부문),"경기건축문화제 추진위원회 / 대한건축사협회 경기도건축사회, 경기도",2026-06-29,http://www.gaf.or.kr/,위비티
2026 WFK 영상·사진 공모전 〈내 인생의 한 페이지〉,주최사 정보 미상,2026-06-30,https://www.instagram.com/p/DYTmxz5CYQ3/,링커리어
2026 미생물 신속 검출 아이디어 공모전,마이크로진,2026-06-30,https://biology.ewha.ac.kr/rcruit/?idx=171057987&bmode=view,위비티
2026 보훈문화교육 수업안 경진대회,국가보훈부 / ㈜엔이에스랩,2026-06-30,https://www.bohunedu.kr/?c=1,위비티
2026 일본군 '위안부' 피해자 관련 청소년 작품 공모전(~6/30),은 수상작에 한하여 향후,2026-06-30,https://www.herstorycontest.net/,링커리어
2026년 상반기 부산도시공사 고객제안,부산도시공사,2026-06-30,https://bmc.busan.kr/index.do?menuCd=DOM_000000104006002000,위비티
2026년 전북 자치경찰 정책공모,주최사 정보 미상,2026-06-30,https://www.jeonbuk.go.kr/apc/index.jeonbuk,링커리어
[농심] 농심 메밀소바 짧은 글 공모전,주최사 정보 미상,2026-06-30,https://www.nongshim.com/promotion/event/view/2026/04_soba/soba_event,링커리어
사람사는세상 노무현재단 깨어있는 시선: 2026 청년 연구논문 공모전,사람사는세상 노무현재단,2026-06-30,https://www.knowhow.or.kr/foundation/news_detail.php?pri_no=999431058&news_page=1&meta_id=,위비티
서울 디자인 AI 영상 공모전,서울특별시 / 서울디자인재단,2026-06-30,https://ddp.or.kr/?menuno=245&siteno=2&cates=&boardno=22&act=view&bbsno=2132,위비티
제31회 도시연구세미나 공모전 – 도시 돌봄의 재구성,인천연구원,2026-06-30,https://www.ii.re.kr/base/board/read?boardManagementNo=22&boardNo=18848&searchCategory=&page=1&searchType=&searchWord=&menuLevel=3&menuNo=85,위비티
철길부산집x철길심야식당 AI 영상 공모전,주최사 정보 미상,2026-06-30,https://docs.google.com/forms/d/e/1FAIpQLSeshiJ7LduGo4VxUQ3gQnz-_PyUoRNc7CC1BClRtu17VChmjw/viewform,링커리어
[경상북도] 2026년 제5회 한글 활용 디자인 공모전,경상북도,2026-07-03,https://www.koreastudy.or.kr/pub/pubBbsRead.do?searchCATE=&searchWORD=&pageIndex=1&menu_seq=70&menu_type=B&board_id=MAIN_NOTICE&board_seq=15458&board_comment_seq=&upper_board_comment_seq=,링커리어
제6회 희망플러스 출생장려 수기 공모전,(사)한국출산장려진흥회중앙회,2026-07-05,https://www.facebook.com/thinkgood.contest,씽굿
제6회 희망플러스 출생장려 수기 공모전,주최사 정보 미상,2026-07-05,https://docs.google.com/forms/d/e/1FAIpQLSeshiJ7LduGo4VxUQ3gQnz-_PyUoRNc7CC1BClRtu17VChmjw/viewform,링커리어
제7회 계룡장학재단 건축 아이디어 공모전,계룡장학재단,2026-07-05,https://vo.la/xi1pKIH,위비티
2026 국제해양법 모의재판대회,해양수산부,2026-07-06,https://ocean.or.kr/business,씽굿
제14회 산업통상부 공공데이터 활용 아이디어 공모전,하는 제14회 공공데이터 활용 아이디어 공모전이 개최됩니다!,2026-07-06,https://www.datacontest.kr,링커리어
제30회 실크 텍스타일 디자인 공모전,주최사 정보 미상,2026-07-06,https://www.ksri.re.kr/bbs/notice/813,링커리어
2026 인차이나포럼 청년 아이디어 논문공모전,인천광역시 / 인천연구원/인차이나포럼,2026-07-09,https://icforum.or.kr/%ec%b2%ad%eb%85%84-%ec%95%84%ec%9d%b4%eb%94%94%ec%96%b4-%eb%85%bc%eb%ac%b8%ea%b3%b5%eb%aa%a8%ec%a0%84/?uid=541&mod=document&pageid=1,위비티
2026 전국 청소년 AI 에이전트 코딩 경진대회,한양미래연구소,2026-07-10,https://ai-coding-2026.pages.dev/,씽굿
2026 전국 청소년 AI에이전트 코딩 경진대회 (참가비 있음),한양미래연구소 / 모두의 문제연구소,2026-07-10,https://ai-coding-2026.pages.dev/,위비티
2026 전국 청소년 AI에이전트 코딩 경진대회 (참가비 있음),한양미래연구소 | 주관: 모두의 문제 연구소 | 후원: 한양대학교 ERICA 수리데이터사이언스학과,2026-07-10,https://docs.google.com/forms/d/e/1FAIpQLSeshiJ7LduGo4VxUQ3gQnz-_PyUoRNc7CC1BClRtu17VChmjw/viewform,링커리어
2026년도 직업훈련 혁신 우수사례·아이디어 공모전,한국기술교육대학교 직업능력심사평가원,2026-07-10,https://www.ksqa.or.kr/?bbsMode=view&bbsId=BBSMSTR_000000000021&nttId=50687&pid=HP010106&ntt_dept_id=12&pageIndex=1&searchCnd=&searchWrd=&category_board=,위비티
기술보증기금 2026년도 대국민 혁신 아이디어 공모전,기술보증기금,2026-07-10,https://www.epeople.go.kr/cmmn/idea/redirect.do?ideaRegNo=1AE-2605-0000643,위비티
제3회 한남대학교 청소년 찬양축제 (H&U Worship Festival),주최사 정보 미상,2026-07-12,https://forms.gle/VrNUZmwJe8BBFNfK8,링커리어
제3회 한남대학교 청소년 찬양축제 (H&U Worship Festival),한남대학교,2026-07-12,https://forms.gle/VrNUZmwJe8BBFNfK8,위비티
2026 멈추지 않는 커리어 숏폼 공모전,서울광역여성새로일하기센터,2026-07-13,https://neverstopcareer.lovable.app?utm_source=wevity,위비티
2026 멈추지 않는 커리어 숏폼 공모전,주최사 정보 미상,2026-07-13,https://neverstopcareer.lovable.app?utm_source=linkareer,링커리어
2026년 전주MBC K-하이테크 플랫폼 제2회 가상현실 공간 창작 공모전,전주MBC K-하이테크 플랫폼,2026-07-14,https://khp.jmbc.co.kr/bbs/board.php?bo_table=notice≀_id=20,위비티
2027 서울 세계청년대회 명동 미디어큐브 & 1898 미디어월 청소년·청년 미디어아트 공모전,가톨릭평화방송·평화신문,2026-07-15,https://program.cpbc.co.kr/tv/notice/board/2580946?cmd=view&page=1&board_no=863,씽굿
2027 서울 세계청년대회 명동 미디어큐브 & 1898 미디어월 청소년·청년 미디어아트 공모전,가톨릭평화방송평화신문 / 갤러리 1898,2026-07-15,https://program.cpbc.co.kr/tv/notice/board/2580946?cmd=view&page=1&board_no=863,위비티
[MYSLIDE] 2026 제6회 IYAC 글로벌 청소년 미술 대회,주최사 정보 미상,2026-07-15,https://myslide.org/,링커리어
전북지역 초등학생 대상 교사·부모와 함께 생각하는 방사선 이야기 그림 공모전,한국원자력연구원 첨단방사선연구소,2026-07-15,https://kaeri.re.kr/arti/board/view?menuId=MENU00518&linkId=12981,위비티
2026년 평택시의회 정책 아이디어 공모전,평택시의회,2026-07-16,https://www.ptcouncil.go.kr/,위비티
2027 서울 세계청년대회 명동 미디어큐브 & 1898 미디어월 청소년·청년 미디어아트 공모전,"·주관 기관에 귀속되며, 출품자에게 사전 고지 후 활용됩니다.",2026-07-16,https://program.cpbc.co.kr/tv/notice/board/2580946?cmd=view&page=1&board_no=863,링커리어
[한국석유공사] 2026년 숏폼 공모전,주최사 정보 미상,2026-07-16,https://forms.gle/cbEbzu57HxtJyZ9ZA,링커리어
[한국석유공사] 2026년 숏폼 공모전,한국석유공사,2026-07-16,https://www.knoc.co.kr/sub05/sub05_5_5.jsp?page=1#=303&mode=view&field=&text=&bid=DATA5&ses=USERSESSION&psize=12,위비티
제2회 수채화시인 강원석 캘리그라피 시화 공모전,측에서 일괄 표구 액자 및 도록 제작,2026-07-16,http://kcaa12.com/10085/h/index.html,링커리어
2026년 건설안전 미래 인재 연구경진대회,"산업안전상생재단, 한국건설안전학회",2026-07-17,https://www.ispf.or.kr/select/ntcMatrMain/ntcMatrMainInfo.do?cmmntyId=2024030002&nttNo=730,위비티
2026년 제14회 강북구 사진 공모전,주최사 정보 미상,2026-07-17,https://gangbuk.go.kr/portal/main/contents.do?menuNo=200731,링커리어
게임 '빨간 공은 어디에?' BGM 음악 공모전 레모네이션,레몬사운드,2026-07-18,https://www.lemonsound.co/lemonation/contest-bucqonv5,씽굿
2026 제28회 수주문학상 작품 공모,부천시,2026-07-20,https://www.facebook.com/thinkgood.contest,씽굿
2026 제28회 수주문학상 작품 공모,주최사 정보 미상,2026-07-20,https://docs.google.com/forms/d/e/1FAIpQLSeshiJ7LduGo4VxUQ3gQnz-_PyUoRNc7CC1BClRtu17VChmjw/viewform,링커리어
제 1회 UN 국제무용콩쿨,주최사 정보 미상,2026-07-20,https://docs.google.com/forms/d/e/1FAIpQLSeshiJ7LduGo4VxUQ3gQnz-_PyUoRNc7CC1BClRtu17VChmjw/viewform,링커리어
[헤럴드미디어그룹] 제55회 코리아헤럴드 영어스피치대회,주최사 정보 미상,2026-07-21,https://www.heraldenglish.com,링커리어
제55회 코리아헤럴드 영어스피치대회,"ㆍ헤럴드미디어그룹 (코리아헤럴드 헤럴드경제 ),",2026-07-21,https://www.heraldenglish.com/,링커리어
2026 전국초등학생 민화공모전,영월군 / 조선민화박물관,2026-07-22,http://minhwa.co.kr/%ea%b3%b5%ec%a7%80%ec%82%ac%ed%95%ad/?uid=3912&mod=document&pageid=1,위비티
2026 전국초등학생 민화공모전,주최사 정보 미상,2026-07-22,https://docs.google.com/forms/d/e/1FAIpQLSeshiJ7LduGo4VxUQ3gQnz-_PyUoRNc7CC1BClRtu17VChmjw/viewform,링커리어
제29회 김삿갓문화제기념 2026년 전국초등학생민화공모전,영월군,2026-07-22,https://www.facebook.com/thinkgood.contest,씽굿
[K-Toon Studios] 2026 북미 진출의 꿈 만화·웹툰·웹소설 공모전,주최사 정보 미상,2026-07-23,https://www.criticalentertainmentla.com/k-toonstudios/contest,링커리어
2026 어린이 제품안전 그림공모전,산업통상부 국가기술표준원,2026-07-24,https://naver.me/xD8JoJdv,씽굿
2026 어린이 제품안전 그림공모전,주최사 정보 미상,2026-07-24,https://www.kips.kr/cntns/boardView.do?srchPstgSntnSn=10202&menuSn=5010&bbsSn=5004,링커리어
재정경제부 민생플러스 생활비 경감 정책 아이디어 공모전,재정경제부 민생안정지원단,2026-07-27,https://www.culture.go.kr/digicon,위비티
2026 한국수력원자력 기업이미지 공모전,한국수력원자력,2026-07-30,https://www.khnp.co.kr/main/selectWebEventManageView.do?key=382&ntcobSeq=283,위비티
2026 한국수력원자력 유튜브 짧은영상 공모전,주최사 정보 미상,2026-07-30,https://www.khnp.co.kr/main/selectWebEventManageView.do?key=382&ntcobSeq=284,링커리어
2026 한국수력원자력 유튜브 짧은영상 공모전,한국수력원자력,2026-07-30,https://www.khnp.co.kr/main/selectWebEventManageView.do?key=382&ntcobSeq=284,위비티
[한국수력원자력] 2026 한국수력원자력 기업이미지 공모전,주최사 정보 미상,2026-07-30,https://docs.google.com/forms/d/e/1FAIpQLSeshiJ7LduGo4VxUQ3gQnz-_PyUoRNc7CC1BClRtu17VChmjw/viewform,링커리어
제2회 지역·대학 동반성장 방안 연구 공모전,교육부,2026-07-30,http://knurrc.kr/web/?section=⊤=board⊂=notice&tab=&category=&state=&item=&keyword=&present_group_num=&present_page_num=&key=detail&code=80,위비티
2026 겨레얼살리기 홍보영상 공모전,사단법인 겨레얼살리기국민운동본부,2026-07-31,http://www.koreaspirit.org/,씽굿
2026 물류분야 논문경진대회,한국물류과학기술학회,2026-07-31,https://www.klst.or.kr/html/?pmode=inputList&smode=view∂=&intAcSeq=38,위비티
2026 제15회 협성독서왕 독후감 공모전,협성문화재단•북두칠성도서관,2026-07-31,https://hscf.co.kr/kor/sub6_01.php?wr_id=15789,위비티
2026 차차통통 장애인정책 공모전,(사) 한국장애인단체총연합회,2026-07-31,http://www.kofod.or.kr/bbs_shop/read.htm?board_code=sub2_1&idx=287335&cate_sub_idx=0,위비티
2026 한국 자살예방연구실천협회 자살예방 정책&실천 공모전,한국 자살예방연구실천협회(KASPRA),2026-07-31,https://www.culture.go.kr/digicon,위비티
2026년 겨레얼살리기 홍보영상 공모전,사단법인 겨레얼살리기국민운동본부,2026-07-31,https://www.koreaspirit.org/bbs/board.php?bo_table=notice≀_id=164,위비티
2026년 제6회 과학영상콘텐츠 공모전,국립대구과학관,2026-07-31,https://www.dnsm.or.kr/,씽굿
2026년 제6회 과학영상콘텐츠 공모전,주최사 정보 미상,2026-07-31,https://docs.google.com/forms/d/e/1FAIpQLSeshiJ7LduGo4VxUQ3gQnz-_PyUoRNc7CC1BClRtu17VChmjw/viewform,링커리어
[국립아시아문화전당] 2026 ACC 민주·인권·평화 영상(+AI) 콘텐츠 공모전,국립아시아문화전당,2026-07-31,https://www.acc.go.kr/main/board/board.do?PID=0701&boardID=NOTICE&action=Read&idx=2775,위비티
[기획예산처] 중장기 국가발전전략 공모전,기획예산처,2026-07-31,https://mpbvisionidea.kr,위비티
[기획예산처] 중장기 국가발전전략 공모전,주최사 정보 미상,2026-07-31,https://mpbvisionidea.kr/Home,링커리어
「상상이 현실이 되는 경남여행」 2026 경남 관광 AI 홍보 영상 공모전,(재)경남관광재단,2026-07-31,https://www.gyeongnam.go.kr/gn1st/,씽굿
겨레얼살리기 홍보영상 공모전,주최사 정보 미상,2026-07-31,https://www.koreaspirit.org/,링커리어
제 11회 전라남도 친환경·범용디자인 공모전,전라남도,2026-07-31,https://www.jeonnam.go.kr/J0203/boardView.do?seq=23834&menuId=jeonnam0203000000&boardId=J0203,링커리어
제10회 청소년 국제 학술논문대회(IJAC),(사)사람과세계경영학회(P&GBA) / APA학술원,2026-07-31,https://ijac.pngba.org/,위비티
제18회 국제법 모의재판 경연대회 개최 안내,"대한국제법학회, 외교부",2026-07-31,https://ksil.or.kr/front/news/news/notice/read?id=AZ24x_K2duOMfO_AvJ6e4A&cid=Sss4CK1XRy--3mmd53BPWg&sd=12&sp=1&so=CREATED_AT_DESC,위비티
제2회 미당학술상 공모전,동국대학교 미당연구소 / 동국대학교 미당연구소,2026-07-31,https://midang.dongguk.edu/article/notice/detail/206112?pageIndex=1&,위비티
제3회 삼척해(海)랑영화제 단편영화 공모전,주최사 정보 미상,2026-07-31,https://docs.google.com/forms/d/e/1FAIpQLSeshiJ7LduGo4VxUQ3gQnz-_PyUoRNc7CC1BClRtu17VChmjw/viewform,링커리어
제4회 경산 Agian 대학가요제,영남일보,2026-07-31,https://gsacsf-mo.imweb.me/index,링커리어
제5회 윌리엄 E. 웨버대령 에세이 콘테스트,한미동맹재단,2026-07-31,https://kusaf.org/?tpf=board/list&board_code=1,위비티
제8회 법학경시대회,주최사 정보 미상,2026-07-31,https://docs.google.com/forms/d/e/1FAIpQLSeshiJ7LduGo4VxUQ3gQnz-_PyUoRNc7CC1BClRtu17VChmjw/viewform,링커리어
청년 다큐 영화 시나리오 공모전,Youth Vision Studio,2026-07-31,https://forms.gle/JJo1cLV5okok394K7,씽굿
청년 다큐 영화 시나리오 공모전,측 사정에 따라 변경될 수 있습니다.,2026-07-31,https://forms.gle/JJo1cLV5okok394K7,링커리어
제26회 대학(원)생 국제법 논문경시대회,"외교부, 대한국제법학회 / 대한국제법학회",2026-08-01,https://ksil.or.kr/front/news/news/notice/read?id=AZ09X_8LfImkn_Tx4ZRmug&cid=Sss4CK1XRy--3mmd53BPWg&sd=12&sp=1&so=CREATED_AT_DESC,위비티
남양주시 보훈문화 시민참여 공모전,주최사 정보 미상,2026-08-09,https://www.nyj.go.kr/www/selectEminwonWebView.do?key=2492&sa1=01&sa1=02&sa1=04&sa1=05&pk=86803,링커리어
2026 충남건축문화제 대학생 설계공모전,충청남도,2026-08-14,https://www.cnadf.or.kr/,링커리어
2026년 산업안전 미래 인재 연구경진대회,"산업안전상생재단, 한국산업보건학회",2026-08-14,https://ispf.or.kr/select/ntcMatrMain/ntcMatrMainInfo.do?cmmntyId=2024030001&nttNo=729,위비티
제4회 진주가인가요제,진주시 / 서경방송,2026-08-17,https://www.culture.go.kr/digicon,위비티
제1회 법정스님 학술상 공모,(사)맑고 향기롭게,2026-08-23,https://www.clean94.or.kr/notice/1158,위비티
제21회 생물다양성 세밀화·AI이미지 공모전,기후에너지환경부 국립생물자원관,2026-08-28,https://www.제21회생물다양성공모전.com/files/download?cid=984f3292-f865-4331-b9cf-848c33a53339,씽굿
2026 모두가 누리는 연금을 위한 국민연금 연구과제 대(對)국민 공모전,국민연금공단(국민연금연구원),2026-08-31,https://institute.nps.or.kr/rschintr/rsrhflfmtasmt/getOHBB0008M0.do?menuId=MN24000548,위비티
2026 장애인 유튜브 콘텐츠 공모전,주최사 정보 미상,2026-08-31,https://withgreendream.poscodx.com,링커리어
2026년 노인인식개선 콘텐츠 공모전,주최사 정보 미상,2026-08-31,https://forms.gle/Y2CA731QvpnMKDEq9,링커리어
2026년도 학술지 소방안전연구 논문 원고 모집,국립소방연구원,2026-08-31,https://sotong.go.kr/front/epilogue/epilogueNewViewPage.do?bbs_id=0af0ac3df5074efa918bbe1da94a85da,위비티
국립인천해양박물관 학술지 바다와 박물관(Ocean and Museum) 제2호 원고 모집,국립인천해양박물관,2026-08-31,https://www.inmm.or.kr/doc/ko/selectDoc.do?docSeq=6783&menuSeq=3598&bbsSeq=153,위비티
소방안전연구 논문 원고 모집,주최사 정보 미상,2026-08-31,https://sotong.go.kr/front/epilogue/epilogueNewViewPage.do?bbs_id=0af0ac3df5074efa918bbe1da94a85da&pagetype=bbs&search_result=&search_result_cnddt=&epilogue_bgnde=&epilogue_endde=&date_range=all&epilogue_bgnde_cnddt=&epilogue_endde_cnddt=&date_range_cnddt=all&search_title_contents=&search_insttNm=&miv_pageNo=1&preDate=&endDate=,링커리어
제2회 의학교육논단 학생연구자상 공모(2026),의학교육논단,2026-08-31,https://www.kmer.or.kr/popup/popup_20260108_contents.html,위비티
제주도문인협회 제4회 제주청년문학상 작품 공모,주최사 정보 미상,2026-08-31,https://docs.google.com/forms/d/e/1FAIpQLSeshiJ7LduGo4VxUQ3gQnz-_PyUoRNc7CC1BClRtu17VChmjw/viewform,링커리어
2026 차(茶) 문화 논문 공모전,수성문화재단,2026-09-04,https://www.sscf.or.kr,위비티
[KUDAF] 2026 대한민국 대학생 디지털 광고제,한국디지털광고협회,2026-09-11,https://kodaa.or.kr/kudaf,위비티
제8회 법무부 통일법제 논문 공모전,법무부,2026-09-16,https://www.unilaw.go.kr/thesis/contest_2026_5.do,위비티
Art piece project 공모전 <이별:남겨진 자리>,노아스,2026-09-17,https://docs.google.com/forms/d/e/1FAIpQLSfn4bQOfqsB2yE-8OGNeBzqrLmS2hvser4pcUFnzsRuEKjdog/viewform,씽굿
제14회 NEAR 청소년 그림 공모전,주최사 정보 미상,2026-09-18,https://www.neargov.org/kr/,링커리어
『세종의 나라』 국민 독서 감상문 대회,세종대왕기념사업회,2026-09-20,https://www.facebook.com/thinkgood.contest,씽굿
제21회 특허·상표 판례연구 논문 공모전,특허심판원,2026-09-21,https://www.moip.go.kr/ipt/iptBultnDetail.do?ntatcSeq=4150&aprchId=BUT0000003&searchCondition=&pageIndex=1&sysCd=SCD04&menuCd=SCD0400476&keyword=,위비티
2026년 당진수필 독서감상문 공모,],2026-09-30,https://docs.google.com/forms/d/e/1FAIpQLSeshiJ7LduGo4VxUQ3gQnz-_PyUoRNc7CC1BClRtu17VChmjw/viewform,링커리어
2026년도 독성 분야 이슈리포트 공모전,],2026-09-30,https://koseht.org/board/official/article/276378,링커리어
[국가독성과학연구소] 2026년도 독성 분야 이슈리포트 공모전,국가독성과학연구소,2026-09-30,https://koseht.org/board/official/article/276378,위비티
제25회 흥남철수·거제평화문학상 공모전,],2026-09-30,https://geoje.go.kr/board/view.geoje?boardId=BBS_0000030&menuCd=DOM_000008902005005000&paging=ok&startPage=1&dataSid=306411036,링커리어
제5회 서울특별시의회 청년 학술논문 공모전,서울특별시의회 / 서울특별시의회 재정분석과,2026-09-30,https://www.smc.seoul.kr/board/BoardDetail.do?menuId=001006008&boardId=188136&boardTypeId=170,위비티
2026년 템플스테이·사찰음식·불교문화 콘텐츠 논문공모전,한국불교문화사업단 / (사)한국관광학회,2026-10-16,https://www.tosok.org/index.php?hCode=BOARD&bo_idx=4&page=view&idx=7258,위비티
[양주시립민복진미술관] 제1회 민복진 학술논문 공모전,양주시립민복진미술관 / (사)한국근현대미술사학,2026-10-16,https://www.yangju.go.kr/minbokjin/selectBbsNttView.do?key=3572&bbsNo=435&nttNo=203970&searchCtgry=&searchCnd=all&searchKrwd=&pageIndex=1&integrDeptCode=,위비티
제1회 대한민국 AI창작문학상 공모,문예살롱,2026-10-31,https://brunch.co.kr/@sungleewriter/290,씽굿
제1회 대한민국 AI창작문학상 공모,주최사 정보 미상,2026-10-31,https://docs.google.com/forms/d/e/1FAIpQLSeshiJ7LduGo4VxUQ3gQnz-_PyUoRNc7CC1BClRtu17VChmjw/viewform,링커리어
