공모전이름,주최사,마감일,링크
2026 국민행복증진 철도·대중교통·물류 아이디어 공모전,주최사 정보 미상,정보 없음,정보 없음
2026 국민행복증진 철도·대중교통·물류 아이디어 공모전,한국철도기술연구원,정보 없음,정보 없음
"AI로 그리는 스마트도시 2026 국가시범도시 (세종, 부산) 혁신서비스 아이디어 공모전",주최사 정보 미상,정보 없음,정보 없음
국토교통부 중련 운행 우리말 이름 공모전,주최사 정보 미상,정보 없음,정보 없음
제11회 부산아이파크 어린이 그림 그리기 대회,사 및 관계 기관 내부 심사 기준에 따름,정보 없음,정보 없음
제33회 한글글꼴디자인 공모전,주최사 정보 미상,정보 없음,정보 없음
"2026 사막화·가뭄 방지를 위한 나무 한 컷, 우리의 이야기 공모전",산림청,정보 없음,정보 없음
2026 서울청년정책네트워크 하반기 정책제안 활동 참가 위원 모집,서울특별시,정보 없음,정보 없음
2026년 경기도 공공데이터·AI 활용 창업경진대회,경기도,정보 없음,정보 없음
2026년 경상북도 공공부문 규제혁신 아이디어 공모전,경상북도,정보 없음,정보 없음
2026년 고성군 행정규제개선 공모전,고성군,정보 없음,정보 없음
"2026년 광양 한 컷, 행복 한 컷 인구정책 가족사진 공모전",광양시,정보 없음,정보 없음
2026년 김천시 저출생 극복 정책 제안 공모전,김천시,정보 없음,정보 없음
2026년 대구 북구 규제혁신 아이디어 공모전,대구광역시 북구,정보 없음,정보 없음
2026년 함평군 규제개혁 아이디어 공모전,함평군,정보 없음,정보 없음
2026년 화성특례시 산업안전 아이디어·슬로건 공모전,화성특례시,정보 없음,정보 없음
[한국도로공사] 건설현장 상생협력 아이디어 대국민 공모전,한국도로공사,정보 없음,정보 없음
제2회 법령데이터 활용 아이디어 공모전,법제처,정보 없음,정보 없음
탄소중립 녹색 스마트도시 조성을 위한 국민 아이디어 공모전,평택시,정보 없음,정보 없음
해양경찰청 2026 구명조끼 생명조끼 캠페인송 공모전,해양경찰청,정보 없음,정보 없음
2026 대경문화예술고등학교장배 전국 중·고등학생 e스포츠 대회(발로란트),],정보 없음,정보 없음
2026년 상반기 밀양시 테마형 제안 공모전,밀양시,정보 없음,정보 없음
2026년 생활 속 민원제도 개선 내손으로 공모전,행정안전부,정보 없음,정보 없음
2026년도 kt wiz 퓨처스마케터 5기 학술제 공모,주최사 정보 미상,정보 없음,정보 없음
[아프리카를 찾아라 EVENT] 인증샷 찍고 업로드하면 끝!,외교부,정보 없음,정보 없음
[임팩트스퀘어] SOVAC 2026 참가 기관 모집 (제3회 대한민국 사회적 가치 페스타),하는 ‘제3회 대한민국 사회적가치 페스타’와 함께합니다. 이번 행사에는 사회적 가치 생태계는 물론 정부·공공기관·민간기업·학계 등 보다 다양한 이해관계자들이 한자리에 모여 사회문제 해결과 협력 방안을 모색할 예정입니다.,정보 없음,정보 없음
[한국맥쿼리 x 초록우산] 맥쿼리 청년리더 양성 참여자 모집 (~5/31) 마감임박,주최사 정보 미상,정보 없음,정보 없음
제2회 K-패션 브랜드 디자인 공모전 및 경진대회 K-FASION BRADN DESIGN,/ 후원,정보 없음,정보 없음
2026 농촌관광 아이디어 경진대회,"농림축산식품부, 농촌진흥청",정보 없음,정보 없음
2026 호텔28 명동 28초 숏폼 공모전,호텔28 명동,정보 없음,정보 없음
2026년 개인정보 불법유통 대응 대학생 모니터링단 모집,개인정보보호위원회,정보 없음,정보 없음
2026년도 kt wiz 퓨처스마케터 5기 학술제 공모,kt sports,정보 없음,정보 없음
K-패션 브랜드 디자인 공모전 및 경진대회,사단법인 동대문 의류봉제협회,정보 없음,정보 없음
[네이버 X 어반플레이] AI BIZ CREATOR SCHOOL 참여자 모집,네이버 X 어반플레이,정보 없음,정보 없음
[한입(HANNIP)] 제주 유기농 감귤 스무디 공식 서포터즈 1기 체험단 모집 신규,주식회사 한입,정보 없음,정보 없음
뇌전증 당사자가 기획하고 실행하는 인식개선 프로그램 로타퍼플 모집 신규,"사단법인 한국뇌전증협회, 국제로타리(RI) 3640지구 서울아셈로타리클럽",정보 없음,정보 없음
뇌전증 인식개선 프로그램 로타에픽 모집 신규,"사단법인 한국뇌전증협회, 국제로타리(RI) 3640지구 서울아셈로타리클럽",정보 없음,정보 없음
디지털콘텐츠기업 성장지원센터 제11기 SNS기자단 모집,(사)차세대융합기술산업협회,정보 없음,정보 없음
물-에너지 융합 포럼 대국민 아이디어 공모전,기후에너지환경부,정보 없음,정보 없음
제10기 독도랑 기자단 모집,독도재단,정보 없음,정보 없음
제13회 산업안전보건 조사자료 논문 경진대회 IDEA,한국산업안전보건공단 산업안전보건연구원,정보 없음,정보 없음
현대모비스 x 경기북부경찰청 교통안전용품 아이디어 공모,현대모비스 x 경기북부경찰청,정보 없음,정보 없음
2026년 제14회 GAF 공연예술제 전문예술단체 공모,가프공연예술제,정보 없음,정보 없음
[부산경제진흥원] 2026 사회적경제기업 온라인 홍보 운영사업 영상 서포터즈 모집 신규,부산경제진흥원,정보 없음,정보 없음
충청북도 AI·XR 안전 체험교육 콘텐츠 아이디어 공모전,충청북도,정보 없음,정보 없음
[토니모리] 콘텐츠 크리에이터 언커먼 크루 2기 모집,토니모리,정보 없음,정보 없음
"“님, 부산 다녀오셨네요?” 부산여행 여름사진 공모전",주최사 정보 미상,정보 없음,정보 없음
"국민주권정부 출범 1주년 퀴즈 이벤트""모두가 자신의 퀴즈와 싸우고 있다""",산업통상부,정보 없음,정보 없음
동래봉생미래관 7행시 공모전,동래봉생병원,정보 없음,정보 없음
2026 마포 문화예술교육 상상스위치 예술 콘텐츠 공모,마포구청,정보 없음,정보 없음
2026 청년연구 아이디어 공모전,청년재단,정보 없음,정보 없음
ICT넥스트 크루(대학생 서포터즈) 공개 모집,한국방송통신전파진흥원,정보 없음,정보 없음
국가유산을 안내하는 대표 목소리를 찾습니다 국가유산 방문 캠페인 오디오 공모전,국가유산진흥원,정보 없음,정보 없음
[무신사] 무진장 성공 기원 AI 영상 광고제,주최사 정보 미상,정보 없음,정보 없음
[보건복지부] 「인구와 미래! 2026 학교인구교육 수업나눔 경진대회」(~6/5),·주관,정보 없음,정보 없음
[산업통상부/KIAT] K-Girls' Day 리브랜딩 네이밍 공모전,에 귀속됩니다,정보 없음,정보 없음
[산업통상부/KIAT] K-Girls' Day 리브랜딩 네이밍 공모전,에 귀속됩니다.,정보 없음,정보 없음
[송파인성장애인복지관] 1인가구 커뮤니티 활성화 사업 진행 인력 모집,송파인성장애인복지관,정보 없음,정보 없음
[텀스 코리아] 텀스 공식 엠버서더 2기 모집,텀스 코리아,정보 없음,정보 없음
제2회 서울 환경교육사 경연대회,2026년 서울 환경교육주간 행사 준비위원회,정보 없음,정보 없음
1st Rising Star 뮤지컬·연기 모의 실기고사,청강문화산업대학교,정보 없음,정보 없음
2026 대구 남구 주민참여예산사업 청년들의 생애사 쓰기 모집,"대구광역시 남구, 협동조합 소이랩 / 남구청년센터",정보 없음,정보 없음
2026 원자력발전포럼 미래세대 분과 아톰즈 1기 모집,한국에너지정보문화재단,정보 없음,정보 없음
2026년 고양예술고등학교 주최 제17회 전국 중학생 문예 백일장,고양예술고등학교,정보 없음,정보 없음
2026년 고창군 규제개혁 아이디어 공모전,고창군,정보 없음,정보 없음
2026년 사회적경제기업 제품 디자인 고도화 지원 참여작가 모집공고,서울시사회적경제지원센터,정보 없음,정보 없음
2026년 제6대 대전 서구의회 청소년의회 의원 모집,대전광역시 서구 의회,정보 없음,정보 없음
[BNK 썸 여자프로농구단] 대학생 서포터즈 2기 모집,BNK 썸 여자프로농구단,정보 없음,정보 없음
[산업통상부/KIAT] K-Girls' Day 리브랜딩 네이밍 공모전,산업통상부,정보 없음,정보 없음
[서울/금천] 금천장애인가족지원센터 비장애형제자매모임 OWN 자원봉사자 모집,금천장애인가족지원센터,정보 없음,정보 없음
[시립관악노인종합복지관] 어울림 경로당 청년 자원봉사자 모집,시립관악노인종합복지관,정보 없음,정보 없음
서울청년문화패스 서포터즈 서청팬 3기 모집,서울문화재단,정보 없음,정보 없음
제4기 청년 창업기업 D-Link 프로그램 참여자 모집,대구동구청,정보 없음,정보 없음
2026 한국학생건축비엔날레 학생작품전 오픈콜,주최사 정보 미상,정보 없음,정보 없음
[한국조폐공사] 2026 전국 대학생 공공데이터 활용 창업 경진대회,주최사 정보 미상,정보 없음,정보 없음
"국민주권정부 출범 1주년 이벤트 ""수출 7,000억 달러 달성"" 다섯글자로 축하해주세요",산업통상부,정보 없음,정보 없음
﻿2026 ASYAAF 100 대학생 큐레이터 모집,"조선일보 문화사업단, PoA",정보 없음,정보 없음
2026 관광 일자리 페스타 – 참가기업 모집,문화체육관광부,정보 없음,정보 없음
2026 김해형 청년 프로그램 기획 공모전,김해시,정보 없음,정보 없음
2026 전국 대학생 공공데이터 활용 창업 경진대회,한국조폐공사,정보 없음,정보 없음
2026 축구산업 아이디어 공모전,한국축구과학회,정보 없음,정보 없음
2026 춘천공연예술제 자원활동가 모집,사단법인 텐스푼,정보 없음,정보 없음
2026년 공주시 시정발전 아이디어 공모전,공주시,정보 없음,정보 없음
2026년 밀양시 MY시민 크리에이터 모집,밀양시,정보 없음,정보 없음
Japan Korea Daily 2기 한일교류 리포터 모집,벡터컴,정보 없음,정보 없음
[영등포문화도시센터] 2026 도시수변 디자이너 오늘의 수변생활 참여자 모집,영등포문화재단,정보 없음,정보 없음
[한국문화정보원] 문화PD 24기 모집,한국문화정보원,정보 없음,정보 없음
대전광역시 중구 2026 정책제안 공모전,대전광역시 중구,정보 없음,정보 없음
무인양품 서포터즈 MUJI GOOD NEIGHBOR 1기 모집 신규,무인양품,정보 없음,정보 없음
우리 농산물 소비촉진 대학생 서포터즈 greeNy 3기 모집,농협경제지주,정보 없음,정보 없음
제56회 대한민국공예품대전 서울시 예선대회 공모,주최사 정보 미상,정보 없음,정보 없음
조회수를 브랜드딜로 잇는 MCN 콘텐츠 전략 공모전,주최사 정보 미상,정보 없음,정보 없음
2026 관광 일자리 페스타 – 참가기업 모집 신규,문화체육관광부,정보 없음,정보 없음
2026년 무역안보 인식확산 대국민 공모전,산업통상부,정보 없음,정보 없음
Y아티스트 레이블 AI 영상 공모전,KT,정보 없음,정보 없음
건강보험심사평가원 건강한 하루 루틴 챌린지(~6/9),주최사 정보 미상,정보 없음,정보 없음
제2회 스타트업 비즈니스 경진대회 참여기업 모집,성남상공회의소,정보 없음,정보 없음
제65회 탐라문화제 포스터 디자인 공모전,한국예총제주특별자치도연합회,정보 없음,정보 없음
"2026년 제27회 박재삼문학제 - 청소년문학상, 시 백일장, 시 엽서 공모전",주최사 정보 미상,정보 없음,정보 없음
[Emotion Archive] 2026 디지털 아카이브 공모전,주최사 정보 미상,정보 없음,정보 없음
"[방송미디어통신위원회, 한국인터넷진흥원] 2026 LBS 스타트업 챌린지 (~6/10)","방송미디어통신위원회, 한국인터넷진흥원",정보 없음,정보 없음
[제5회 환경교육주간] 기후행동1:100 참가자 모집,기후에너지환경부,정보 없음,정보 없음
건강보험심사평가원 건강한 하루 루틴 챌린지,건강보험심사평가원 이벤트 운영 사무국,정보 없음,정보 없음
[bbb 코리아] 제34기 bbb 프로보노 청년 봉사단 모집,bbb코리아,정보 없음,정보 없음
"[삼전종합사회복지관] 장애,비장애청소년 통합활동 대학생 서포터즈 모집",삼전종합사회복지관,정보 없음,정보 없음
2026 우리동네 이야기채널 온화 프로젝트 시즌5 대학생 서포터즈 모집,방배노인종합복지관,정보 없음,정보 없음
2027 함양방문의 해 함양관광 아이디어 공모전,함양군,정보 없음,정보 없음
"SK 이노베이션, 「AI 임팩트 솔루션」 지원사업",SK,정보 없음,정보 없음
[경상북도] 2026 경상북도 한복창작해커톤대회,경상북도 / 주관: 경북문화재단 한국한복진흥원,정보 없음,정보 없음
[아산시] 아산형 기본사회 정책 아이디어 공모전,주최사 정보 미상,정보 없음,정보 없음
[한국프로세스혁신협회] 서랍 속 썩어가는 포트폴리오 심폐소생 공모전 | 골든타임 대작전,주최사 정보 미상,정보 없음,정보 없음
서랍 속 썩어가는 포트폴리오 심폐소생 공모전 : 골든타임 대작전,한국프로세스혁신협회,정보 없음,정보 없음
제24회 부여서동연꽃축제 「서동 나이트 퍼레이드」 음원 공모전,레몬사운드,정보 없음,정보 없음
"제27회 박재삼문학제 및 제13회 박재삼문학상 (청소년문학상, 시 백일장, 시 엽서 공모전)",박재삼문학상운영위원회,정보 없음,정보 없음
제5기 계룡소담(SNS 홍보 서포터즈) 모집,계룡시청,정보 없음,정보 없음
2026 경상북도 한복창작해커톤대회,경상북도,정보 없음,정보 없음
2026 광주광역시 지역장애인보건의료센터 제1기 서포터즈 모집,광주광역시 지역장애인보건의료센터,정보 없음,정보 없음
2026년 경상남도 규제 개선과제 공모전,경상남도,정보 없음,정보 없음
2026년 국민생각함 정책 아이디어 공모전,국민권익위원회,정보 없음,정보 없음
2026년 군포시 정기 제안 공모,군포시,정보 없음,정보 없음
2027년도 경남 사천시 고향사랑 기금사업 아이디어 제안 공모전,경상남도 사천시,정보 없음,정보 없음
[성동구자원봉사센터] 성동구 자원봉사 기록 공모전,성동구자원봉사센터,정보 없음,정보 없음
아산형 기본사회 정책 아이디어 공모전,아산시,정보 없음,정보 없음
전라남도교육청 2026 전남학생교육수당 활용사례 공모전,전라남도교육청,정보 없음,정보 없음
제1회 대구 동구 청년 창업 아이디어 경진대회 참가자 모집,대구동구청,정보 없음,정보 없음
제1회 세종특별자치시 AI 혁신 경진대회 (전국민 대상 AI 혁신 아이디어 공모전),세종특별자치시,정보 없음,정보 없음
제7회 AI·ICT 장애인 보조공학기기 공모전,고용노동부,정보 없음,정보 없음
한화생명금융서비스 WM컨설팅지사 금융영업캠퍼스 1기 모집,한화생명금융서비스,정보 없음,정보 없음
2026 뚜비와 함께하는 전국 어린이 민화 글ㆍ그림 공모전,박물관 · 수,정보 없음,정보 없음
2026 제주 인구정책 ‘몬딱’ 공모전,제주특별자치도,정보 없음,정보 없음
2026 청소년 해양영토 토론대회,주최사 정보 미상,정보 없음,정보 없음
KINFA 상생유스 금융교육 봉사단 1기 모집 신규,서민금융진흥원,정보 없음,정보 없음
[포스코DX] 제7회 전국 청소년 AI창의 경진대회 2026 AI Youth Challenge,포스코DX,정보 없음,정보 없음
[한전KDN] 2026년도 산업안전 포스터 공모전,주최사 정보 미상,정보 없음,정보 없음
롯데월드타워·몰 JAMSIL CREW 1기 서포터즈 모집,롯데물산,정보 없음,정보 없음
선진포크 릴스&쇼츠 콘텐츠 제작 서포터즈 22기 모집,선진포크,정보 없음,정보 없음
제1회 서울청소년실험영화제 작품 공모,],정보 없음,정보 없음
진라면 진앤지니 18기 고투 진! (Go-To Jin!) 모집,오뚜기,정보 없음,정보 없음
한국기술교육대학교 개교 35주년 기념 AI 굿즈 디자인 공모전,한국기술교육대학교,정보 없음,정보 없음
2026 제주 인구정책 몬딱 공모전,제주특별자치도,정보 없음,정보 없음
[국내산 수산물을 부탁해] 간편식 아이디어 공모전,사단법인 한국수산회,정보 없음,정보 없음
[국내산 수산물을 부탁해] 간편식 아이디어 공모전,주최사 정보 미상,정보 없음,정보 없음
[한전KDN] 2026년도 산업안전 포스터 공모전,한전KDN,정보 없음,정보 없음
제 1회 청소년실험영화제 작품 공모,청소년실험영화제 사무국,정보 없음,정보 없음
제10회 소비자지향성 개선과제 공모전 IDEA,공정거래위원회,정보 없음,정보 없음
2026 룬샷 경진대회 난제 해결방안 제안서 공모,국방과학연구소,정보 없음,정보 없음
2026 부산대표 관광기념품 공모전,부산관광공사,정보 없음,정보 없음
2026 제14회 경기정원문화박람회 상상정원 작품 공모전,),정보 없음,정보 없음
2026 제14회 경기정원문화박람회 작가정원 작품 공모전,),정보 없음,정보 없음
2026 차세대 여성과학자 글로벌 웨비나,대한여성과학기술인회,정보 없음,정보 없음
2026 차세대 여성과학자 글로벌 웨비나,주최사 정보 미상,정보 없음,정보 없음
교보문고 제12회 교보손글씨대회,주최사 정보 미상,정보 없음,정보 없음
국내산 수산물을 부탁해 간편식 아이디어 공모전,사단법인 한국수산회,정보 없음,정보 없음
제23회 서울국제실험영화페스티벌 자원활동가 모집,서울국제실험영화페스티벌 사무국,정보 없음,정보 없음
제4회 전국 편지쓰기·예쁜 엽서 만들기 대회,주최사 정보 미상,정보 없음,정보 없음
2026 경기정원문화박람회 상상정원 작품공모,경기도·양평군,정보 없음,정보 없음
2026 경기정원문화박람회 작가정원 작품공모,경기도·양평군,정보 없음,정보 없음
2026년 괴산군 정책제안 공모전,괴산군,정보 없음,정보 없음
2026년 에너지절감 슬로건 공모전,한국전력기술,정보 없음,정보 없음
[서울드라마어워즈 2026] SDA 2026 공식 캐릭터 공모전,서울드라마어워즈조직위원회,정보 없음,정보 없음
제23회 광주 추억의 충장축제 청년기획단 찐이 4기 모집,충장축제사무국,정보 없음,정보 없음
제4회 전국 편지쓰기·예쁜 엽서 만들기 대회,도봉문화원 편지문학관,정보 없음,정보 없음
2026 국제 시각문화 심포지엄 및 국제전 공모,/운영],정보 없음,정보 없음
2026 신나장 개항상권 서포터즈 모집 신규,인천중구문화재단,정보 없음,정보 없음
2026 제14회 50년 후의 바다상상하기 그림 공모전,머니투데이,정보 없음,정보 없음
[CJ대한통운] 미래기술챌린지 2026,주최사 정보 미상,정보 없음,정보 없음
대한민국 '물' 대축전 제5회 전국학생미술실기대회,측에서 제공한 도화지만 사용 가능함.,정보 없음,정보 없음
제61회 발명의 날 기념 발명굿즈 숏폼 공모전 「발명이라면」,주최사 정보 미상,정보 없음,정보 없음
2026 가덕도신공항 숏폼 영상 공모전,가덕도신공항건설공단,정보 없음,정보 없음
2026 지방공무원 대상 재난·안전 직무발명 아이디어 공모전,"행정안전부, 대한변리사회",정보 없음,정보 없음
[조달청] 2026 공공조달데이터·AI 활용 창업경진대회,조달청,정보 없음,정보 없음
고령군 2026 군정정책 제안 공모전,고령군,정보 없음,정보 없음
대한민국 물 대축전 제5회 전국학생미술실기대회,한국예술문화단체총연합회 충주지회,정보 없음,정보 없음
동래봉생미래관 7행시 공모전,주최사 정보 미상,정보 없음,정보 없음
제61회 발명의 날 기념 발명굿즈 숏폼 콘텐츠 공모전,한국발명진흥회,정보 없음,정보 없음
2026 농어촌 기본소득 숏폼 공모전_6월,농림축산식품부,정보 없음,정보 없음
2026년 모두가 즐기는 스포츠 백호돌이 굿즈 디자인 공모전,주최사 정보 미상,정보 없음,정보 없음
"[군포시주몽종합사회복지관] 아동, 청소년 멘토링 대학생(휴학생)유급자원봉사자 모집(1명)",군포시주몽종합사회복지관,정보 없음,정보 없음
2026 충청북도 공예품대전,주최사 정보 미상,정보 없음,정보 없음
2026년 모두가 즐기는 스포츠 백호돌이 굿즈 디자인 공모전,서울올림픽기념국민체육진흥공단,정보 없음,정보 없음
[기획예산처] 재정데이터 분석 대학(원)생 경진대회,기획예산처,정보 없음,정보 없음
2026 충청북도 공예품대전,충청북도,정보 없음,정보 없음
내 음악이 영화가 되는 순간! 2026제천뮤직필름마켓 영화음악가 공모,제천국제음악영화제,정보 없음,정보 없음
세계유산 가야고분군 로컬 관광코스 공모전,스마트크리에이터,정보 없음,정보 없음
세계유산 가야고분군 로컬 관광코스 공모전,주최사 정보 미상,정보 없음,정보 없음
2026년 장흥군 정책제안 공모전,장흥군,정보 없음,정보 없음
제24회 한청 문화제 가요제&경연대회 참가자 사전 접수,주최사 정보 미상,정보 없음,정보 없음
2026 구조물 내진설계 경진대회,"부산대학교, (재)국토교통연구인프라운영원",정보 없음,정보 없음
2026 구조물 내진설계 경진대회,주최사 정보 미상,정보 없음,정보 없음
2026 부산광역시 공공데이터•AI 활용 창업경진대회 IDEA,부산광역시,정보 없음,정보 없음
[국세청] 현금영수증 숏폼 영상 공모전,국세청,정보 없음,정보 없음
제4회 문화체육관광 인공지능·데이터 활용 공모전,주최사 정보 미상,정보 없음,정보 없음
현금영수증 숏폼 영상 공모전,주최사 정보 미상,정보 없음,정보 없음
2026 구조물 내진설계 경진대회 신규,"부산대학교, (재)국토교통연구인프라운영원",정보 없음,정보 없음
2026년 파주시 AI 영상 공모전 (프롬프트로 만드는 파주),파주시청,정보 없음,정보 없음
2026년 해양수산 규제합리화 과제 대국민 공모전,해양수산부,정보 없음,정보 없음
[로레알코리아] CREATE YOUR BEAUTY(크리에이트 유어 뷰티) 발달장애 예술인 그림 공모전,로레알코리아,정보 없음,정보 없음
제36회 거창국제연극제 자원활동가 및 관객심사단 모집,거창문화재단,정보 없음,정보 없음
제4회 문화체육관광 인공지능·데이터 활용 공모전,문화체육관광부,정보 없음,정보 없음
2026 제8회 공군 창의ㆍ혁신 아이디어 공모 해커톤,공군,정보 없음,정보 없음
'도서관과 사서 이야기' 영상 공모전,국립중앙도서관,정보 없음,정보 없음
2026 WFK 영상·사진 공모전 〈내 인생의 한 페이지〉,주최사 정보 미상,정보 없음,정보 없음
2026 광명시 도서 제작 지원 작품 공모,하는 출판 관련 행사(광명 아트북페어·출판기념회 등)에 참여에 협조하여야 함,정보 없음,정보 없음
2026 산림치유음식공모전,산림청,정보 없음,정보 없음
2026년 경주시 행복톡톡 아이디어 공모전,경주시,정보 없음,정보 없음
2026년 부산시 꿈드림 학교 밖 청소년 인식개선 미디어 공모전,주최사 정보 미상,정보 없음,정보 없음
2026년 전북 자치경찰 정책공모,주최사 정보 미상,정보 없음,정보 없음
2026년도 제31회 경기도 건축문화상 공모전 (계획작품 부문 / 사용승인 건축물 부문),경기건축문화제 추진위원회,정보 없음,정보 없음
[농심] 농심 메밀소바 짧은 글 공모전,주최사 정보 미상,정보 없음,정보 없음
기후과학클래스 4기,환경재단,정보 없음,정보 없음
2026 광명시 도서 제작 지원 작품 공모,광명시,정보 없음,정보 없음
2026 미생물 신속 검출 아이디어 공모전,마이크로진,정보 없음,정보 없음
2026 보훈문화교육 수업안 경진대회,국가보훈부,정보 없음,정보 없음
2026년 강원특별자치도 규제개선 과제 공모,강원특별자치도,정보 없음,정보 없음
2026년 부산시 꿈드림 학교 밖 청소년 인식개선 미디어 공모전,부산광역시학교밖청소년지원센터,정보 없음,정보 없음
2026년 상반기 부산도시공사 고객제안,부산도시공사,정보 없음,정보 없음
2026년 전국 학생 모의국회 법률 제ㆍ개정안 공모대회,농촌진흥청,정보 없음,정보 없음
도서관과 사서 이야기 영상 공모전,국립중앙도서관,정보 없음,정보 없음
서울 디자인 AI 영상 공모전,서울특별시,정보 없음,정보 없음
2026 대구 남구 홍보 AI 영상 공모전,대구 남구,정보 없음,정보 없음
2026 가명정보 활용 경진대회,"개인정보보호위원회, 과학기술정보통신부, 보건복지부, 금융위원회",정보 없음,정보 없음
2026 가명정보 활용 경진대회,주최사 정보 미상,정보 없음,정보 없음
2026 가명정보 활용 경진대회,"개인정보보호위원회, 과학기술정보통신부, 보건복지부, 금융위원회",정보 없음,정보 없음
제6회 희망플러스 출생장려 수기 공모전,주최사 정보 미상,정보 없음,정보 없음
2026 국제해양법 모의재판대회,주최사 정보 미상,정보 없음,정보 없음
제14회 산업통상부 공공데이터 활용 아이디어 공모전,하는 제14회 공공데이터 활용 아이디어 공모전이 개최됩니다!,정보 없음,정보 없음
제6회 희망플러스 출생장려 수기 공모전,(사)한국출산장려진흥회중앙회,정보 없음,정보 없음
제7회 계룡장학재단 건축 아이디어 공모전,계룡장학재단,정보 없음,정보 없음
제14회 산업통상부 공공데이터 활용 아이디어 공모전,산업통상부,정보 없음,정보 없음
제30회 실크 텍스타일 디자인 공모전,진주시,정보 없음,정보 없음
2026 코드게이트 AI 스타트업 해커톤,사단법인 코드게이트보안포럼,정보 없음,정보 없음
2026 전국 청소년 AI에이전트 코딩 경진대회 (참가비 있음),한양미래연구소 | 주관: 모두의 문제 연구소 | 후원: 한양대학교 ERICA 수리데이터사이언스학과,정보 없음,정보 없음
2026년 트래블 이노베이션 아이디어 공모전,야놀자리서치,정보 없음,정보 없음
릴레이 토크콘서트 청년담장 이야기영상 공모전,주최사 정보 미상,정보 없음,정보 없음
2026 대한민국 지자체 · 공공 캐릭터 페스티벌 대상 공모전,한국문화콘텐츠라이센싱협회,정보 없음,정보 없음
2026 전국 청소년 AI에이전트 코딩 경진대회 (참가비 있음),한양미래연구소,정보 없음,정보 없음
2026년도 직업훈련 혁신 우수사례·아이디어 공모전,한국기술교육대학교 직업능력심사평가원,정보 없음,정보 없음
기술보증기금 2026년도 대국민 혁신 아이디어 공모전,기술보증기금,정보 없음,정보 없음
릴레이 토크콘서트 청년담장 이야기 영상공모전,부산광역시 남구청,정보 없음,정보 없음
제3회 한남대학교 청소년 찬양축제 (H&U Worship Festival),주최사 정보 미상,정보 없음,정보 없음
2026 대한민국 지역문화대전 - 제41회 전국향토문화공모전,문화체육관광부·한국문화원연합회,정보 없음,정보 없음
2026 멈추지 않는 커리어 숏폼 공모전,주최사 정보 미상,정보 없음,정보 없음
제3회 한남대학교 청소년 찬양축제 (H&U Worship Festival),한남대학교,정보 없음,정보 없음
2026 멈추지 않는 커리어 숏폼 공모전,서울광역여성새로일하기센터,정보 없음,정보 없음
2026 인권공모전,국가인권위원회,정보 없음,정보 없음
2026년 전주MBC K-하이테크 플랫폼 제2회 가상현실 공간 창작 공모전,전주MBC K-하이테크 플랫폼,정보 없음,정보 없음
[MYSLIDE] 2026 제6회 IYAC 글로벌 청소년 미술 대회,주최사 정보 미상,정보 없음,정보 없음
2027 서울 세계청년대회 명동 미디어큐브 & 1898 미디어월 청소년·청년 미디어아트 공모전,"·주관 기관에 귀속되며, 출품자에게 사전 고지 후 활용됩니다.",정보 없음,정보 없음
2027 서울 세계청년대회 명동 미디어큐브 & 1898 미디어월 청소년·청년 미디어아트 공모전,가톨릭평화방송평화신문,정보 없음,정보 없음
[한국석유공사] 2026년 숏폼 공모전,주최사 정보 미상,정보 없음,정보 없음
전북지역 초등학생 대상 교사·부모와 함께 생각하는 방사선 이야기 그림 공모전,한국원자력연구원 첨단방사선연구소,정보 없음,정보 없음
제2회 수채화시인 강원석 캘리그라피 시화 공모전,측에서 일괄 표구 액자 및 도록 제작,정보 없음,정보 없음
제2회강원석캘리그라피시화공모전,한국캘리그라피아트센터,정보 없음,정보 없음
2026년 평택시의회 정책 아이디어 공모전,평택시의회,정보 없음,정보 없음
[한국석유공사] 2026년 숏폼 공모전,한국석유공사,정보 없음,정보 없음
게임 '빨간 공은 어디에?' BGM 음악 공모전 레모네이션,레몬사운드,정보 없음,정보 없음
게임 '빨간 공은 어디에?' BGM 음악 공모전 레모네이션,주최사 정보 미상,정보 없음,정보 없음
2026 제28회 수주문학상 작품 공모,주최사 정보 미상,정보 없음,정보 없음
2026년 제28회 수주문학상 작품 공모,(사)부천예총,정보 없음,정보 없음
제1회 코리아 숏드라마 어워즈,"씨네플레이, 한국영상자료원",정보 없음,정보 없음
제55회 코리아헤럴드 영어스피치대회,"ㆍ헤럴드미디어그룹 (코리아헤럴드 헤럴드경제 ),",정보 없음,정보 없음
2026 전국초등학생 민화공모전,주최사 정보 미상,정보 없음,정보 없음
2026 전국초등학생 민화공모전,영월군,정보 없음,정보 없음
2026 어린이 제품안전 그림공모전,주최사 정보 미상,정보 없음,정보 없음
2026 어린이 제품안전 그림 공모전,산업통상부 국가기술표준원,정보 없음,정보 없음
2027 충청 유니버시아드대회 공식상품 디자인 공모전,재단법인 2027 충청권 하계세계대학경기대회 조직위원회,정보 없음,정보 없음
2027 충청 유니버시아드대회 공식상품 디자인 공모전,주최사 정보 미상,정보 없음,정보 없음
2027 충청 유니버시아드대회 공식상품 디자인 공모전 신규,(재)2027 충청 유니버시아드대회 조직위원회,정보 없음,정보 없음
재정경제부 민생플러스 생활비 경감 정책 아이디어 공모전,재정경제부 민생안정지원단,정보 없음,정보 없음
2026 한국수력원자력 유튜브 짧은영상 공모전,주최사 정보 미상,정보 없음,정보 없음
[한국수력원자력] 2026 한국수력원자력 기업이미지 공모전,주최사 정보 미상,정보 없음,정보 없음
2026 한국 자살예방연구실천협회 자살예방 정책&실천 공모전,한국자살예방연구실천협회(KASPRA),정보 없음,정보 없음
2026 한국수력원자력 기업이미지 공모전,한국수력원자력,정보 없음,정보 없음
2026 한국수력원자력 유튜브 짧은영상 공모전,한국수력원자력,정보 없음,정보 없음
2026년 제23회 부천신인문학상 작품 공모,부천문화재단,정보 없음,정보 없음
2026년 제6회 과학영상콘텐츠 공모전,주최사 정보 미상,정보 없음,정보 없음
[기획예산처] 중장기 국가발전전략 공모전,주최사 정보 미상,정보 없음,정보 없음
겨레얼살리기 홍보영상 공모전,주최사 정보 미상,정보 없음,정보 없음
제 11회 전라남도 친환경·범용디자인 공모전,전라남도,정보 없음,정보 없음
제3회 삼척해(海)랑영화제 단편영화 공모전,주최사 정보 미상,정보 없음,정보 없음
제4회 경산 Agian 대학가요제,영남일보,정보 없음,정보 없음
청년 다큐 영화 시나리오 공모전,측 사정에 따라 변경될 수 있습니다.,정보 없음,정보 없음
2026 제15회 협성독서왕 독후감 공모전,협성문화재단•북두칠성도서관,정보 없음,정보 없음
2026 차차통통 장애인정책 공모전,(사) 한국장애인단체총연합회,정보 없음,정보 없음
2026 한국 자살예방연구실천협회 자살예방 정책&실천 공모전,한국 자살예방연구실천협회(KASPRA),정보 없음,정보 없음
2026년 겨레얼살리기 홍보영상 공모전,사단법인 겨레얼살리기국민운동본부,정보 없음,정보 없음
2026년 우수 입법・정책 아이디어 공모전,지평법정책연구소,정보 없음,정보 없음
2026년 제17회 펄벅기념문학상 작품 공모,부천문화재단,정보 없음,정보 없음
JAGDA 자그다 국제 학생 포스터 어워드 2026,일본그래픽디자인협회,정보 없음,정보 없음
[국립대구과학관] 2026년 제6회 과학영상콘텐츠 공모전,국립대구과학관,정보 없음,정보 없음
[국립아시아문화전당] 2026 ACC 민주·인권·평화 영상(+AI) 콘텐츠 공모전,국립아시아문화전당,정보 없음,정보 없음
[기획예산처] 중장기 국가발전전략 공모전,기획예산처,정보 없음,정보 없음
[제주특별자치도의회] 2026년도 정책아이디어 공모전,제주특별자치도의회,정보 없음,정보 없음
제33회 전국청소년전통문화경연대회,(사)한국청소년연맹,정보 없음,정보 없음
제3회 삼척해(海)랑영화제 단편영화 공모전,삼척시,정보 없음,정보 없음
제4회 경산 Agian 대학가요제,영남일보,정보 없음,정보 없음
청년 다큐 영화 시나리오 공모전,Youth Vision Studio,정보 없음,정보 없음
제14회 사랑의열매 나눔공모전,"사랑의열매 사회복지공동모금회, 교육부",정보 없음,정보 없음
남양주시 보훈문화 시민참여 공모전,주최사 정보 미상,정보 없음,정보 없음
2026년 남양주시 보훈문화 시민참여 공모전,남양주시,정보 없음,정보 없음
2026 충남 건축문화제 대학생 설계공모전,충청남도,정보 없음,정보 없음
제4회 진주가인가요제,진주시,정보 없음,정보 없음
제4회 진주가인가요제,진주시,정보 없음,정보 없음
[국립생물자원관] 제21회 생물다양성 세밀화·AI이미지 공모전,▷기후에너지환경부 국립생물자원관(인천광역시 서구 소재),정보 없음,정보 없음
[전등사] 제2회 전등사TV 영상공모전,주최사 정보 미상,정보 없음,정보 없음
2026 장애인 유튜브 콘텐츠 공모전,주최사 정보 미상,정보 없음,정보 없음
제주도문인협회 제4회 제주청년문학상 작품 공모,주최사 정보 미상,정보 없음,정보 없음
2026 장애인 유튜브 콘텐츠 공모전,"포스코DX, 한국지체장애인협회",정보 없음,정보 없음
2026년 노인인식개선 콘텐츠 공모전,부산시독거노인종합지원센터,정보 없음,정보 없음
2026년 전국 어린이 독후감대회,한국어린이출판연합,정보 없음,정보 없음
제16회 한무숙 소설 독후감 대회 신규,한무숙문학관,정보 없음,정보 없음
제26회 가람이병기청년시·최명희청년소설 문학상 공모,전북대학교신문방송사,정보 없음,정보 없음
제2회 의학교육논단 학생연구자상 공모(2026),의학교육논단,정보 없음,정보 없음
제4회 제주청년문학상 작품 공모,제주도문인협회,정보 없음,정보 없음
2026년 김수영 문학상,민음사,정보 없음,정보 없음
제8회 법무부 통일법제 논문 공모전,법무부,정보 없음,정보 없음
제14회 NEAR 청소년 그림 공모전,주최사 정보 미상,정보 없음,정보 없음
AI기반 지속가능한 통일아이디어 공모전,고려대학교 세종캠퍼스 통일교육선도대학 사업단,정보 없음,정보 없음
제14회 NEAR 청소년 그림 공모전,동북아시아지방정부연합,정보 없음,정보 없음
2026년 위치정보 사업자를 위한 클라우드 인프라 지원사업,방송미디어통신위원회,정보 없음,정보 없음
제25회 흥남철수·거제평화문학상 공모전,],정보 없음,정보 없음
제25회 흥남철수·거제평화문학상 전국공모전,사,정보 없음,정보 없음
2026년 위치정보 사업자를 위한 클라우드 인프라 지원사업 신규,방송미디어통신위원회,정보 없음,정보 없음
2026년 제4회 대구 동구 유튜브 영상 공모전,대구 동구,정보 없음,정보 없음
[국민권익위원회] 청소년 정책 패널 아이디어 공모전,국민권익위원회,정보 없음,정보 없음
제11회 지방자치분권·균형발전 실현 정책제안 공모,"부산일보사, 지방분권균형발전 부산시민연대",정보 없음,정보 없음
2026 군위군 사진 공모전,군위군,정보 없음,정보 없음
제1회 대한민국 AI창작문학상 공모,주최사 정보 미상,정보 없음,정보 없음
"[방송미디어통신위원회, 한국인터넷진흥원]2026 위치정보 맞춤형 컨설팅 참여기업 모집(상시)",방송미디어통신위원회,정보 없음,정보 없음
